ids,label
[],Langelshemius
"['https://data.cerl.org/thesaurus/cnp01919799', 'http://viaf.org/viaf/15526702', 'https://www.wikidata.org/wiki/Q255334']","Henisch, Georg"
"['http://viaf.org/viaf/120726862', 'https://data.cerl.org/thesaurus/cnp01876559']","Canisius, Henricus"
['https://scopeq.cc.univie.ac.at/Query/resultatliste.aspx'],"Bonannus, Lukas"
"['https://viaf.org/viaf/27089021/#Hoeschel,_David,_1556-1617', 'https://data.cerl.org/thesaurus/cni00049985', 'https://www.wikidata.org/wiki/Q98331']","Hoeschel, David"
"['https://www.wikidata.org/wiki/Q1345822', 'https://viaf.org/viaf/77460187/', 'https://data.cerl.org/thesaurus/cnp00837583']","Archevolti, Samuel"
[],Henri IV
"['https://data.cerl.org/thesaurus/cnp01466970', 'https://viaf.org/viaf/95147534/', 'https://www.wikidata.org/wiki/Q160441']",Rabanus Maurus
[],P. Ferdinandus
['https://www.wikidata.org/wiki/Q1401'],"Petrarca, Francesco"
[],Nitschius
"['https://www.wikidata.org/wiki/Q172056', 'https://data.cerl.org/thesaurus/cnp00480333', 'https://viaf.org/viaf/195818854/']",Osman II
[],"Norris, John"
['https://www.archivinformationssystem.at/detail.aspx?ID=1634968'],"Drach, Hartman"
"['https://opac.vatlib.it/auth/detail/495_243823', 'https://www.wikidata.org/wiki/Q40858764', 'https://viaf.org/viaf/15114938/', 'https://data.cerl.org/thesaurus/cnp01196867']","Guzmán, Luis de"
[],"Willems, Johannes"
[],Bartholomäus
"['https://data.cerl.org/thesaurus/cnp00982110', 'https://www.wikidata.org/wiki/Q2039', 'https://viaf.org/viaf/99942145/']",Titus Livius
['https://raa.gf-franken.de/de/suche-nach-stammbucheintraegen.html?permaLink=1627_gerlach;120'],"Geiger, Matthias"
[],"Van Wyningen, Sibrandus"
[],Helena
['https://www.wikidata.org/wiki/Q2054'],Seneca
[],"Dyemberg von Schemen, János"
"['https://www.wikidata.org/wiki/Q2656292', 'https://viaf.org/viaf/69848805/', 'https://data.cerl.org/thesaurus/cnp00578323']","Le Maire, Isaac"
[],"Gerbel, Nikolaus"
"['https://viaf.org/viaf/231893780/', 'https://data.cerl.org/thesaurus/cnp01422350', 'https://www.wikidata.org/wiki/Q3845070']",Manuel de Acevedo y Zúñiga
"['https://www.wikidata.org/wiki/Q8462', 'https://data.cerl.org/thesaurus/cnp00986151', 'https://viaf.org/viaf/63984707/']",Timur
['https://www.wikidata.org/wiki/Q6533412'],Ibn al-Hâjib
['https://www.archivinformationssystem.at/detail.aspx?id=3299684'],"Starzer, Michael"
"['https://www.wikidata.org/wiki/Q54054', 'https://data.cerl.org/thesaurus/cnp00401215']",Władysław IV Vasa
"['https://www.wikidata.org/wiki/Q244152', 'https://data.cerl.org/thesaurus/cnp01391968', 'https://viaf.org/viaf/27367208/']","Snellius, Willebrord"
['https://www.wikidata.org/wiki/Q72586'],Johann Georg
[],Aben Egalianus
"['https://viaf.org/viaf/49302355/', 'https://data.cerl.org/thesaurus/cnp01339982', 'https://www.wikidata.org/wiki/Q3166217']","Chifflet, Jean-Jacques"
"['http://www.wikidata.org/entity/Q899649', 'https://data.cerl.org/thesaurus/cnp01310467', 'http://viaf.org/viaf/263815668']","Crieva Cervarius Tubero, Ludovicus Aloysius de"
['https://opac.sbn.it/risultati-autori/-/opac-autori/detail/VEAV052505?core=autoriall'],"Riccardi, Vincenzo"
[],"Klimannus, Bartholomäus"
"['https://data.cerl.org/thesaurus/cnp00974048?lang=fr', 'http://viaf.org/viaf/34616772', 'https://www.wikidata.org/wiki/Q313494']","Bethlen, Gabriel"
"['https://viaf.org/viaf/22198747/', 'https://d-nb.info/gnd/119228939', 'https://www.wikidata.org/wiki/Q503340']",ʿAlī Šīr Nawāʾī
['https://www.wikidata.org/wiki/Q2857225'],"Caetani, Antonio"
[],"Wolff, Jacob"
[],"Mochinger, Johannes"
[],"Slade, Samuel"
"['https://data.cerl.org/thesaurus/cnp01235861', 'https://www.wikidata.org/wiki/Q311822', 'https://viaf.org/viaf/262737778/']",Guilielmus Tyrensis
['https://www.treccani.it/enciclopedia/baldassare-bolognetti_%28Dizionario-Biografico%29/'],"Bolognetti, Baldassare"
"['https://viaf.org/viaf/13107495/', 'https://data.cerl.org/thesaurus/cnp00543810', 'https://www.wikidata.org/wiki/Q571681']",Rožmberk
['https://www.wikidata.org/wiki/Q26711994'],"Wechelus, Andreas"
['https://www.wikidata.org/wiki/Q60059'],Albertus Magnus
"['https://www.wikidata.org/wiki/Q3157628', 'https://viaf.org/viaf/352137/', 'https://data.cerl.org/thesaurus/cnp01238830']","Pontanus, Jacobus"
"['https://www.wikidata.org/wiki/Q58662', 'https://isni.oclc.org/xslt/DB=1.2/CMD?ACT=SRCH&IKT=8006&TRM=ISN%3A0000%200001%201816%202508', 'https://data.cerl.org/thesaurus/cnp01255839', 'https://viaf.org/viaf/88640422/']",Petrus Apianus
"['https://viaf.org/viaf/10236375/', 'https://www.wikidata.org/wiki/Q897734', 'https://data.cerl.org/thesaurus/cnp00285005']",Lucius Lucceius
"['https://www.wikidata.org/wiki/Q2058139', 'https://data.cerl.org/thesaurus/cnp01336089', 'https://viaf.org/viaf/64065219/']","Téllez-Girón, Pedro"
[],"Schlegel, Johann Balthasar"
"['https://data.cerl.org/thesaurus/cnp01016295', 'http://viaf.org/viaf/23079099']","Blanckenburg, Friedrich"
"['https://data.cerl.org/thesaurus/cnp01270480', 'https://viaf.org/viaf/8164232/', 'https://www.wikidata.org/wiki/Q155534']","T'serclaes von Tilly, Johann"
"['https://www.wikidata.org/wiki/Q27588003', 'https://data.cerl.org/thesaurus/cnp01196661', 'http://viaf.org/viaf/95656627']","Questenberg, Hermann von"
"['https://viaf.org/viaf/32051782/', 'https://www.wikidata.org/wiki/Q3828133', 'https://data.cerl.org/thesaurus/cnp01334837']","Beyerlinck, Lawrence"
[],Levinus Kamrathus
"['https://www.wikidata.org/wiki/Q1341910', 'https://data.cerl.org/thesaurus/cnp00289926', 'https://viaf.org/viaf/24991855/']",Engelbert II van Valkenburg
"['https://data.cerl.org/thesaurus/cnp01230516', 'https://www.wikidata.org/wiki/Q473291', 'https://viaf.org/viaf/13689964/']",Anastasius Sinaita
[],"Ranft, Christoph"
"['https://data.cerl.org/thesaurus/cnp02238977', 'https://viaf.org/viaf/818843/', 'https://www.wikidata.org/wiki/Q1634852']","Blotius, Hugo"
"['https://isni.org/isni/0000000108644044', 'http://viaf.org/viaf/4939800', 'https://www.wikidata.org/wiki/Q3171320', 'https://data.cerl.org/thesaurus/cnp00991474']","Cinqarbres, Jean"
[],Zehender
"['https://data.cerl.org/thesaurus/cnp00976244', 'https://www.wikidata.org/wiki/Q1377629', 'https://viaf.org/viaf/175393012/']",Mirchond
['https://www.wikidata.org/wiki/Q26825'],Herodotus
"['https://data.cerl.org/thesaurus/cnp00395896', 'https://www.wikidata.org/wiki/Q551420', 'https://viaf.org/viaf/34542491/']",Landgraf von Hessen
[],"Klosus, Georgius"
[],"Baile, Guillaume"
"['https://www.wikidata.org/wiki/Q111912', 'https://viaf.org/viaf/47545285/', 'https://www.deutsche-biographie.de/pnd117653772.html', 'https://data.cerl.org/thesaurus/cnp01881437']","Schweigger, Salomon"
"['https://viaf.org/viaf/6090524/', 'https://data.cerl.org/thesaurus/cnp01231214', 'https://www.wikidata.org/wiki/Q368154']",Sigismund Báthory
[],"Fleiner, Johann Leonhard"
"['https://data.cerl.org/thesaurus/cnp00396071', 'https://www.wikidata.org/wiki/Q192931']",Pausanias
"['https://www.wikidata.org/wiki/Q133063', 'http://viaf.org/viaf/95301181', 'https://data.cerl.org/thesaurus/cnp01466934']",Gregory VII
"['https://data.cerl.org/thesaurus/cnp02224927', 'https://viaf.org/viaf/122020207/', 'https://www.wikidata.org/wiki/Q1986888']","Serarius, Nicolaus"
[],"Noguera, Vincent"
"['https://data.cerl.org/thesaurus/cnp00917939', 'https://viaf.org/viaf/71521316/', 'https://www.wikidata.org/wiki/Q158256']",Isabella Clara Eugenia
"['https://www.wikidata.org/wiki/Q1084709', 'https://viaf.org/viaf/22151863/', 'https://data.cerl.org/thesaurus/cnp00428422']","Crinesius, Christoph"
[],Suffridus Sixtinus
"['https://viaf.org/viaf/60011765/', 'https://data.cerl.org/thesaurus/cnp00999642']","Heins, Johann"
[],"Eliata, Robertus"
[],"Seyfried, Johann"
"['https://viaf.org/viaf/5086720/', 'https://www.wikidata.org/wiki/Q57195', 'https://data.cerl.org/thesaurus/cnp00398301']",Frederick V
"['https://viaf.org/viaf/179144928062154340024/', 'https://www.wikidata.org/wiki/Q236594', 'https://data.cerl.org/thesaurus/cnp00399700']",Sextus Empiricus
['https://www.geschichtewiki.wien.gv.at/Caspar_Rath'],"Rath, Kaspar"
[],Balthasar Venator
"['https://data.cerl.org/thesaurus/cnp01302093', 'https://www.wikidata.org/wiki/Q76325', 'https://viaf.org/viaf/76319978/']","Melanchton, Philipp"
"['https://id.loc.gov/authorities/names/no2012152322.html', 'https://www.qalamos.net/receive/MyMssPerson_agent_00000050', 'https://www.fihrist.org.uk/catalog/work_6975', 'https://viaf.org/viaf/294545635/', 'https://d-nb.info/gnd/1069095540']",Muḥammad Qāsim ibn Ḥājjī Muhammad Surūrī
"['https://data.cerl.org/thesaurus/cnp00292956', 'https://isni.oclc.org/xslt/DB=1.2/CMD?ACT=SRCH&IKT=8006&TRM=ISN%3A0000%200001%201879%203019', 'https://www.wikidata.org/wiki/Q287479', 'https://d-nb.info/gnd/102509379', 'https://viaf.org/viaf/47155092/', 'https://www.qalamos.net/receive/MyMssPerson_agent_00006316']",al-Istahri
[],Hendrik van Dortmunt
['https://www.wikidata.org/wiki/Q367949'],Hafız Ahmed Pasha
"['https://viaf.org/viaf/69085364/', 'https://www.wikidata.org/wiki/Q166623', 'https://data.cerl.org/thesaurus/cnp01259705']","Van Oldenbarnevelt, Johan"
"['https://www.wikidata.org/wiki/Q1312086', 'https://viaf.org/viaf/64012440/']","De Thou, Jacques-Auguste"
"['https://www.wikidata.org/wiki/Q1393426', 'http://viaf.org/viaf/22159293', 'https://data.cerl.org/thesaurus/cnp00397854']","Du Perron, Jacques David"
[],"Metzler, Johann Michael"
"['https://viaf.org/viaf/15562150/', 'https://www.wikidata.org/wiki/Q150586', 'https://data.cerl.org/thesaurus/cnp00396342']",Rudolf II
"['https://viaf.org/viaf/46006380/', 'https://www.wikidata.org/wiki/Q130221', 'https://data.cerl.org/thesaurus/cnp01466689']",Frederick II
"['https://www.wikidata.org/wiki/Q350010', 'https://data.cerl.org/thesaurus/cnp00380813']","Van den Bergh, Hendrik"
"['https://www.wikidata.org/wiki/Q132692', 'https://data.cerl.org/thesaurus/cnp01445648', 'https://viaf.org/viaf/49321911/']",Gregory XV
"['https://data.cerl.org/thesaurus/cnp01333448', 'https://www.wikidata.org/wiki/Q59528460', 'https://viaf.org/viaf/26814230/']","Tampach, Gottfried"
[],"Rattes, Johannes"
"['https://data.cerl.org/thesaurus/cnp00463473', 'https://www.wikidata.org/wiki/Q1679436', 'https://viaf.org/viaf/25501601/']","Tavus, Jacob ben Joseph"
"['https://www.wikidata.org/wiki/Q89563268', 'https://www.deutsche-biographie.de/sfz72437.html']","Nostitz, Otto von"
[],Felice Cancellario
"['https://viaf.org/viaf/307158035/', 'https://www.wikidata.org/wiki/Q160116', 'https://data.cerl.org/thesaurus/cnp00943794']",Alexander III
[],"Lescinius of Leszno, Wenceslaus"
[],Wolfgang Wilhelm
[],Garzoni
['https://de.wikipedia.org/wiki/Reiner_von_Landau'],"Landau, Reiner von"
"['https://data.cerl.org/thesaurus/cnp00547841', 'https://viaf.org/viaf/100172770/', 'https://www.wikidata.org/wiki/Q720']",Gengis Khan
"['https://data.cerl.org/thesaurus/cnp00118593', 'https://viaf.org/viaf/34797666/', 'https://www.wikidata.org/wiki/Q98514']","Helvig, Christoph"
[],Karl II
['https://www.wikidata.org/wiki/Q7179221'],"Peckius, Petrus the Younger"
[],"Van Wyningen, Margareta"
"['https://www.wikidata.org/wiki/Q775194', 'https://viaf.org/viaf/5039977/', 'https://data.cerl.org/thesaurus/cnp01348415']","Ferrari, Giovanni Battista"
"['https://www.wikidata.org/wiki/Q1405', 'https://data.cerl.org/thesaurus/cnp00971385']",Augustus
[],Thomas
"['https://viaf.org/viaf/808636/', 'https://data.cerl.org/thesaurus/cnp00589414', 'https://www.wikidata.org/wiki/Q435274']","Cardianus, Hieronymus"
['https://www.wikidata.org/wiki/Q317900'],"Baronio, Cesare"
"['https://www.qalamos.net/receive/MyMssPerson_agent_00003250', 'https://isni.oclc.org/xslt/DB=1.2/CMD?ACT=SRCH&IKT=8006&TRM=ISN%3A0000%200001%202006%204106', 'https://www.wikidata.org/wiki/Q403498', 'https://d-nb.info/gnd/102412537', 'https://viaf.org/viaf/89825396/']",al-Jawhari
"['https://data.cerl.org/thesaurus/cnp00394327', 'https://www.wikidata.org/wiki/Q36620', 'https://viaf.org/viaf/73850627/']","Brahe, Tycho"
[],Plantin
[],"Bodenius, Wilhelm"
"['https://www.wikidata.org/wiki/Q27866234', 'https://data.cerl.org/thesaurus/cnp02094221', 'https://viaf.org/viaf/84712276/']","Popel von Lobkowitz, Wenzel Wilhelm"
"['https://www.wikidata.org/wiki/Q366652', 'https://data.cerl.org/thesaurus/cnp00906743', 'https://viaf.org/viaf/37254372/']",Johann Georg I
[],"Heyder, Maternus"
[],Hebraeus doctor Leb Viennensis
"['https://www.wikidata.org/wiki/Q1402817', 'http://viaf.org/viaf/32929955', 'https://data.cerl.org/thesaurus/cnp00476988']","Melander, Otto"
"['https://www.wikidata.org/wiki/Q17352838', 'https://data.cerl.org/thesaurus/cnp00473152', 'https://viaf.org/viaf/17298909/']","Hohenberg, Abraham"
['https://www.wikidata.org/wiki/Q5264'],Hippocrates
"['https://viaf.org/viaf/71495510/', 'https://m.wikidata.org/wiki/Q352804', 'https://data.cerl.org/thesaurus/cnp01236732']","Maldonado, Juan de"
['https://www-gewi.uni-graz.at/suppliken/en/supplikanten/407'],"Pfeiffer, Andreas"
['https://www.wikidata.org/wiki/Q44079'],Cyril of Alexandria
"['https://viaf.org/viaf/86076125/', 'https://data.cerl.org/thesaurus/cnp01171954']","Welser, Anton"
"['https://viaf.org/viaf/268955446/', 'https://data.cerl.org/thesaurus/cnp01259316', 'https://www.wikidata.org/wiki/Q41523']",Plutarch
[],Johann Lieb's son
"['https://viaf.org/viaf/99214494/', 'https://www.wikidata.org/wiki/Q333372', 'https://data.cerl.org/thesaurus/cnp01302790']","Clusius, Carolus"
"['https://data.cerl.org/thesaurus/cnp01097888', 'https://www.wikidata.org/wiki/Q1484842', 'https://d-nb.info/gnd/124901352', 'https://viaf.org/viaf/10791423/']","Hornmold, Sebastian Hornmold"
[],Esaias Leuker
"['https://data.cerl.org/thesaurus/cnp01324006', 'https://viaf.org/viaf/64030773/', 'https://www.wikidata.org/wiki/Q948156']","Postel, Guillaume"
"['https://www.wikidata.org/wiki/Q322940', 'https://data.cerl.org/thesaurus/cnp00104727', 'https://viaf.org/viaf/71557379/']","Ciampoli, Giovanni"
[],Simon
[],"Galissard, Pierre"
[],"Berner, Johannes"
[],Stuart
[],Wolzogius
['https://data.cerl.org/thesaurus/cnp01318161'],Photius
"['https://www.wikidata.org/wiki/Q294109', 'https://viaf.org/viaf/9856247/', 'https://data.cerl.org/thesaurus/cnp01320019']","Psellus, Michael"
"['https://www.wikidata.org/wiki/Q39072817', 'https://viaf.org/viaf/17247790/', 'https://data.cerl.org/thesaurus/cnp01876178']","Scribani, Carolus"
[],Von Recke
['https://www.wikidata.org/wiki/Q29331371'],Agostino Morosini
['https://d-nb.info/gnd/101086253'],"Ǧannābī, Mustafā"
[],P. Valentinus
[],"De Wese, Theodorus"
"['https://www.wikidata.org/wiki/Q436002', 'https://viaf.org/viaf/56620173/', 'https://data.cerl.org/thesaurus/cnp01507500']","Casaubon, Isaac"
"['https://www.wikidata.org/wiki/Q27863176', 'https://viaf.org/viaf/62280451/', 'https://data.cerl.org/thesaurus/cnp01875289']","Schickfuss, Jakob"
[],Tycho Brahe's heirs
[],Simone il Salisburghese
[],"Van Egmont, Johann"
"['http://viaf.org/viaf/14916490', 'https://data.cerl.org/thesaurus/cnp01362842', 'https://www.wikidata.org/wiki/Q27583990']","Lazius, Wolfgang"
[],"Hooft, Jacob"
[],"Schwanberg, Georg Galler von"
"['https://viaf.org/viaf/19852471/', 'https://www.wikidata.org/wiki/Q471069', 'https://data.cerl.org/thesaurus/cnp00405958']",Bernold of Konstanz
[],Hylin
"['https://d-nb.info/gnd/102081490X', 'https://viaf.org/viaf/233177708/', 'https://www.wikidata.org/wiki/Q47364864']","Slavata, Joachim von"
"['http://viaf.org/viaf/14778809', 'https://www.wikidata.org/wiki/Q57403', 'https://data.cerl.org/thesaurus/cnp01319583']","Schickard, Wilhelm"
[],Avraham ben Efrayim Schlüter
"['https://saebi.isgv.de/person/snr/420', 'https://viaf.org/viaf/348396/']","Beckmann, Christian"
[],"Von Meulen, Franciscus"
"['https://www.wikidata.org/wiki/Q132711', 'https://data.cerl.org/thesaurus/cnp01238319', 'https://viaf.org/viaf/5065712/']",Paul V
[],Leuckert
[],ha-Rav Rabbenu Rabbi Zalman
"['https://viaf.org/viaf/46783913/', 'https://www.wikidata.org/wiki/Q55194450', 'https://data.cerl.org/thesaurus/cnp01323680']","Weyssenburger, Wolfgang"
[],D. Gozzadini
[],"Buenaventura, Gabriel de"
"['https://www.wikidata.org/wiki/Q21069482', 'https://data.cerl.org/thesaurus/cnp02117224#bm_thesaurus_cnp02117224', 'https://kaiserhof.geschichte.lmu.de/Q/GND=1045948853', 'https://viaf.org/viaf/84712269/']","Dietrichstein, Margarete"
"['https://viaf.org/viaf/290520959/', 'https://data.cerl.org/thesaurus/cnp01149430', 'https://www.wikidata.org/wiki/Q324829']",William of Nassau-Siegen
"['https://www.wikidata.org/wiki/Q549214', 'https://data.cerl.org/thesaurus/cnp01303071', 'https://viaf.org/viaf/7443076/']","Erpenius, Thomas"
[],Giovanni Paolo
[],"Ressler, Martin"
"['https://viaf.org/viaf/27187785/', 'https://data.cerl.org/thesaurus/cnp01261087', 'https://www.wikidata.org/wiki/Q87581']","Schoppe, Caspar"
"['https://viaf.org/viaf/256401633/', 'https://www.wikidata.org/wiki/Q14632953', 'https://data.cerl.org/thesaurus/cnp01967988']","Smetius, Johannes"
"['https://viaf.org/viaf/78822798/', 'https://data.cerl.org/thesaurus/cnp00401327', 'https://www.wikidata.org/wiki/Q297776']",Pedanius Dioscorides
[],P. Hillin
"['https://data.cerl.org/thesaurus/cnp00395268', 'https://viaf.org/viaf/22229719/', 'https://www.wikidata.org/wiki/Q203306']","Hugo, Herman"
['https://www.wikidata.org/wiki/Q319273'],Gaio Asinius Pollio
"['https://data.cerl.org/thesaurus/cnp00992823', 'https://www.wikidata.org/wiki/Q173441', 'https://www.wikidata.org/wiki/Q173441#:~:text=VIAF%20ID-,210905324,-edit']",Muḥammad al-Idrisi
[],"Rayd, Hieronymus"
[],"Tengnagel, Reinerius"
"['https://data.cerl.org/thesaurus/cnp01876480', 'https://viaf.org/viaf/88770049/', 'https://www.wikidata.org/wiki/Q2848635']","Schott, Andreas"
[],"Portugal, Guilielmus"
"['https://data.cerl.org/thesaurus/cnp01433688', 'https://viaf.org/viaf/50297726/', 'https://www.wikidata.org/wiki/Q29955740']","Exner, Balthasar"
"['https://data.cerl.org/thesaurus/cnp01322477', 'https://www.wikidata.org/wiki/Q1652176', 'https://viaf.org/viaf/4948231/']",Leon Modena
"['https://data.cerl.org/thesaurus/cnp01877791', 'https://viaf.org/viaf/42639720/', 'https://www.wikidata.org/wiki/Q699651']","Jessenius, Jan"
"['https://viaf.org/viaf/24718080/', 'https://data.cerl.org/thesaurus/cnp00482859', 'https://www.wikidata.org/wiki/Q2473815']","Baudius, Dominicus"
"['https://viaf.org/viaf/310526579/', 'https://www.wikidata.org/wiki/Q189597', 'https://data.cerl.org/thesaurus/cnp00396120']",Philo of Alexandria
[],Horatius Fornus
[],"Geidlenus, Arnoldus"
"['https://data.cerl.org/thesaurus/cnp01478459?lang=de', 'https://www.wikidata.org/wiki/Q2063138', 'https://viaf.org/viaf/24732263/']","Scriverius, Petrus"
"['https://data.cerl.org/thesaurus/cnp02144964', 'https://www.wikidata.org/wiki/Q62160', 'https://viaf.org/viaf/2848784/']",Adolphus
[],"Báthory, Gabriel"
[],Signor dottor Morelli
"['https://www.wikidata.org/wiki/Q32500', 'https://data.cerl.org/thesaurus/cnp01259291', 'https://viaf.org/viaf/88598818/']",Charles V
['https://opac.vatlib.it/auth/detail/495_253179'],"De Rasyr, Aegidius"
[],"Ferdinandus, Philippus"
"['https://data.cerl.org/thesaurus/cnp01876891', 'http://viaf.org/viaf/13080012', 'https://www.wikidata.org/wiki/Q1462474']","Taubmann, Friedrich"
"['https://viaf.org/viaf/34798911/', 'https://data.cerl.org/thesaurus/cnp00352181']","Herwart von Hohenburg, Hans Friedrich"
[],"Ytterius, Hermannus"
['https://www.wikidata.org/wiki/Q21544103'],"Mignault, Claude"
[],Widow of Levinus Hulsius
[],"Tellekoms, Joost"
[],Disciple of Erpenius
[],Rihel
[],"Van Ceulen, Ludolph"
['https://www.treccani.it/enciclopedia/francesco-crescenzi_%28Dizionario-Biografico%29/'],"Crescenzi, Francesco"
[],Herring
"['https://www.wikidata.org/wiki/Q545024', 'http://viaf.org/viaf/44320954', 'https://data.cerl.org/thesaurus/cnp01323357']","Della Valle, Pietro"
"['https://data.cerl.org/thesaurus/cnp01470514', 'https://www.wikidata.org/wiki/Q533639', 'https://kalliope-verbund.info/de/query?q=124394183', 'https://viaf.org/viaf/12339587/']","Rigault, Nicolas"
"['https://kalliope-verbund.info/de/eac?eac.id=11604375X', 'https://www.fnz.geschichte.uni-muenchen.de/forschung/autoren-tabellenwerke/decker/index.html', 'https://data.cerl.org/thesaurus/cnp01470846']","Decker, Johannes"
"['https://www.wikidata.org/wiki/Q160362', 'https://viaf.org/viaf/265397758/', 'https://data.cerl.org/thesaurus/cnp00396680']",Theophrastus
"['https://data.cerl.org/thesaurus/cnp00540335', 'https://www.wikidata.org/wiki/Q1040234', 'https://viaf.org/viaf/265853214/']",Anselm of Lucca
['https://www.wikidata.org/wiki/Q380814'],Aelius Everardus Vorstius
[],Hugo Andemius
"['https://viaf.org/viaf/45243997/', 'https://data.cerl.org/thesaurus/cnp00871063', 'https://www.wikidata.org/wiki/Q30902182']","Filesac, Jean"
"['https://viaf.org/viaf/66462384/', 'https://data.cerl.org/thesaurus/cnp01259902', 'https://www.wikidata.org/wiki/Q172048']",Terence
"['https://data.cerl.org/thesaurus/cnp00974420', 'https://viaf.org/viaf/12420076/', 'https://www.wikidata.org/wiki/Q182021']","De'Medici, Maria"
[],"Schauern, Paul"
[],Dr. Vos
"['https://viaf.org/viaf/49358074/', 'https://data.cerl.org/thesaurus/cnp00945623', 'https://www.wikidata.org/wiki/Q311462']",Abū' l-Fidā'
"['https://data.cerl.org/thesaurus/cnp00654923', 'https://viaf.org/viaf/72490931/', 'https://www.wikidata.org/wiki/Q805559']","Marradas, Balthasar"
"['http://viaf.org/viaf/173430120', 'http://www.wikidata.org/entity/Q6101', 'https://data.cerl.org/thesaurus/cnp01318197']","Polo, Marco"
"['https://data.cerl.org/thesaurus/cnp01316451', 'https://www.wikidata.org/wiki/Q8011', 'https://viaf.org/viaf/89770781/']",Avicenna
"['https://www.wikidata.org/wiki/Q559828', 'http://viaf.org/viaf/54189591', 'https://data.cerl.org/thesaurus/cnp00537598']","Pázmány, Péter"
[],Uri ben Simeon of Biala
"['https://data.cerl.org/thesaurus/cnp00942294', 'https://viaf.org/viaf/100250627/', 'https://www.wikidata.org/wiki/Q36517']","Drake, Francis"
[],"Eschevin, Jean"
"['https://data.cerl.org/thesaurus/cnp01461605', 'https://viaf.org/viaf/88342447/', 'https://www.wikidata.org/wiki/Q7198']",Publius Ovidius Naso
"['https://www.wikidata.org/wiki/Q1808186', 'https://viaf.org/viaf/49446056/', 'https://data.cerl.org/thesaurus/cnp01377023', 'https://catalogue.bnf.fr/ark:/12148/cb14459568m']","Fabricius, Lorenz"
"['https://data.cerl.org/thesaurus/cnp01236151', 'https://www.wikidata.org/wiki/Q78801', 'https://viaf.org/viaf/62351283/']","Khlesl, Melchior"
[],"Sebald, Martin"
['https://dlc.mpg.de/metadata/mpirg_sisis_364187/1/'],"Wolffhardt, Philipp Melchior"
"['https://www.wikidata.org/wiki/Q944098', 'https://viaf.org/viaf/95235826/', 'https://data.cerl.org/thesaurus/cnp01302162']","Duplessis-Mornay, Philippe"
[],Schuabius
"['https://www.wikidata.org/wiki/Q23770498', 'https://www.treccani.it/enciclopedia/placido-de-marra_(Dizionario-Biografico)']","Della Marra, Placido"
[],"Pichler, Casparus"
"['http://viaf.org/viaf/10186501', 'https://www.wikidata.org/wiki/Q1134021', 'https://data.cerl.org/thesaurus/cnp00105309']","Lapide, Cornelius a"
[],"Mansfeld, Ernst von"
[],"De Vooght van Ryneveld, Jodocus"
"['https://data.cerl.org/thesaurus/cnp00945302', 'https://www.wikidata.org/wiki/Q738491', 'https://viaf.org/viaf/37707892/']",Eugippius
[],Alessandro Orsini
"['https://viaf.org/viaf/41951877/', 'https://www.wikidata.org/wiki/Q186820', 'https://www.geschichtewiki.wien.gv.at/Special:URIResolver/?curid=5028', 'https://data.cerl.org/thesaurus/cnp00087196']","Becanus, Martin"
"['https://www.wikidata.org/wiki/Q1303050', 'https://viaf.org/viaf/23076769/', 'https://data.cerl.org/thesaurus/cnp00968569']","Salmuth, Johann"
[],"Lomellini, Ignazio"
[],"Crugerius, Nicolaus"
[],P. Thomas
['http://viaf.org/viaf/89276915'],"Marchtaler, Veit von"
"['https://viaf.org/viaf/35517378/', 'https://d-nb.info/gnd/12877701X']","Immendorf, Bartholomäus"
"['https://viaf.org/viaf/79038296/', 'https://data.cerl.org/thesaurus/cnp00550847', 'https://www.wikidata.org/wiki/Q363513']",Rabbi Judah Löw Maharal
[],Weser
"['https://viaf.org/viaf/100203633/', 'https://www.wikidata.org/wiki/Q547901', 'https://data.cerl.org/thesaurus/cnp01877174']","Meursius, Johannes"
"['https://www.wikidata.org/wiki/Q470914', 'https://viaf.org/viaf/273335435/', 'https://data.cerl.org/thesaurus/cnp00287375']",Avenzoar
['https://www.wikidata.org/wiki/Q7235'],Sophocles
[],Hippin
"['https://viaf.org/viaf/88881025/', 'https://data.cerl.org/thesaurus/cnp01445730', 'https://www.wikidata.org/wiki/Q44281']",Ignatius of Loyola
[],"Bernardt, Kaspar"
[],Signor Carlo
"['http://viaf.org/viaf/23008635', 'https://data.cerl.org/thesaurus/cnp01054178']","Sedel, Georg"
"['https://www.wikidata.org/wiki/Q313817', 'https://data.cerl.org/thesaurus/cnp00585647', 'https://viaf.org/viaf/76491060/']",George Villiers
[],"Gilles, Pierre"
"['https://data.cerl.org/thesaurus/cnp01238027', 'https://www.wikidata.org/wiki/Q435547', 'https://viaf.org/viaf/17232170/']","Osiander, Andreas"
"['https://www.wikidata.org/wiki/Q8005308', 'https://viaf.org/viaf/154145857937023021587/', 'https://data.cerl.org/thesaurus/cnp00127773']","Bedell, William"
['https://data.cerl.org/thesaurus/cnp01468331'],"Cayet, Pierre Victor"
[],Widow of Wolfgang Seidlitz
"['https://data.cerl.org/thesaurus/cnp00480011', 'https://viaf.org/viaf/52628476/', 'https://www.wikidata.org/wiki/Q109833454']","Trevinnius, Melchior"
"['https://viaf.org/viaf/20522788/', 'https://data.cerl.org/thesaurus/cnp00422194', 'https://www.wikidata.org/wiki/Q48893395']","Torres Bollo, Diego de"
"['https://www.wikidata.org/wiki/Q506533', 'https://data.cerl.org/thesaurus/cnp01309450', 'http://viaf.org/viaf/57040896']","Liechtenstein, Karl von"
[],Thiel
[],"Kholler, Luca"
"['http://viaf.org/viaf/22959048', 'https://data.cerl.org/thesaurus/cnp01109735']","Reichel, Servatius"
['https://worldcat.org/identities/viaf-287045187/'],"Hemelarius, Johannes"
[],Hitenspiller
['https://www.wikidata.org/wiki/Q859'],Plato
"['https://data.cerl.org/thesaurus/cnp01379867', 'http://viaf.org/viaf/289365363', 'http://www.wikidata.org/entity/Q1702719']",Yom Tov Lipmann Muelhausen
[],Virgil
[],"Hollandus, Georgius"
"['https://data.cerl.org/thesaurus/cnp01875171', 'https://www.wikidata.org/wiki/Q548115']","Possevino, Antonio"
[],"Reihen, Conradus"
[],"Henricus, Nicolaus"
"['https://data.cerl.org/thesaurus/cnp01398764', 'https://viaf.org/viaf/61884272/', 'https://www.wikidata.org/wiki/Q2090610']",Pontus Heuterus
[],
"['https://data.cerl.org/thesaurus/cnp01230916', 'https://www.wikidata.org/wiki/Q39837', 'https://viaf.org/viaf/19688718/']",Averroes
"['https://viaf.org/viaf/44477115/', 'https://data.cerl.org/thesaurus/cnp01468066', 'https://www.wikidata.org/wiki/Q27588113']","Rader, Matthäus"
"['https://www.wikidata.org/wiki/Q357027', 'https://viaf.org/viaf/102323982/', 'https://data.cerl.org/thesaurus/cnp00397135']",Synesius of Cyrene
[],"Landrachinger, Godefridus"
"['https://data.cerl.org/thesaurus/cnp01072500', 'http://viaf.org/viaf/19660912']","Sturn, Georg"
"['https://viaf.org/viaf/2600403/', 'https://www.wikidata.org/wiki/Q2417061', 'https://data.cerl.org/thesaurus/cnp00535118']","Hock, Theobald"
"['https://www.wikidata.org/wiki/Q7793860', 'https://viaf.org/viaf/31145067059966631185/', 'https://data.cerl.org/thesaurus/cnp00463306']","Segeth, Thomas"
"['https://viaf.org/viaf/272025412/', 'https://data.cerl.org/thesaurus/cnp01036921', 'https://www.wikidata.org/wiki/Q329213']",Elisabeth von Hessen-Kassel
[],Gisbert von Vossenburg
"['http://viaf.org/viaf/12362027', 'https://data.cerl.org/thesaurus/cnp01879358']","Pistorius, Johann"
"['https://islamansiklopedisi.org.tr/necati-bey', 'https://www.wikidata.org/wiki/Q6072430']",İsa Necati
[],Masius
"['https://data.cerl.org/thesaurus/cnp01388584', 'https://www.wikidata.org/wiki/Q514079', 'https://viaf.org/viaf/22421432/']","Rantzau, Heinrich"
"['https://viaf.org/viaf/79024744/', 'https://data.cerl.org/thesaurus/cni00038899', 'https://www.wikidata.org/wiki/Q664748']","Estienne, Henri"
"['https://www.wikidata.org/wiki/Q1910333', 'https://viaf.org/viaf/3316559/', 'https://data.cerl.org/thesaurus/cnp00425353']","Stephani, Matthias"
"['https://data.cerl.org/thesaurus/cnp01003013', 'https://viaf.org/viaf/31142837/', 'https://www.wikidata.org/wiki/Q729105']",Severus of Antioch
"['https://www.wikidata.org/wiki/Q15411499', 'https://www.treccani.it/enciclopedia/raniero-sacconi', 'https://viaf.org/viaf/232647305/']","Sacconi, Raniero"
"['https://www.wikidata.org/wiki/Q8018', 'https://viaf.org/viaf/66806872/', 'https://data.cerl.org/thesaurus/cnp01302049']",Augustine
['https://www.wikidata.org/wiki/Q82793'],Callisthenes
"['https://www.wikidata.org/wiki/Q722953', 'https://viaf.org/viaf/224699772/']",Severian of Gabala
[],"Tengnagel, Wilhelm"
[],Antonius ab Halewyn
"['https://data.cerl.org/thesaurus/cnp01481384', 'https://www.deutsche-biographie.de/sfz105247.html', 'http://www.wikidata.org/entity/Q55845960', 'http://viaf.org/viaf/44645410']","Remus, Georg"
[],Paolo Savelli
['https://viaf.org/viaf/40444121/'],"Garnefelt, Georgius"
"['https://www.wikidata.org/wiki/Q51884', 'https://viaf.org/viaf/428144647706076569748/', 'https://data.cerl.org/thesaurus/cnp00748431']","Damascenus, Ioannes"
[],Saadiak Haggam
"['https://d-nb.info/gnd/124373437', 'https://data.cerl.org/thesaurus/cnp00988624', 'https://www.wikidata.org/wiki/Q15457679', 'https://viaf.org/viaf/40310246/']","Binius, Severin"
[],D. Dorer
['https://d-nb.info/gnd/124961150'],"Crusenius, Nicolaus"
[],Hollant
"['https://viaf.org/viaf/27092943/', 'https://data.cerl.org/thesaurus/cnp01231615', 'https://www.wikidata.org/wiki/Q434834']","Biondo, Flavio"
"['https://viaf.org/viaf/74207825/', 'https://www.wikidata.org/wiki/Q362491', 'https://data.cerl.org/thesaurus/cnp01337275']",Ermoldus Nigellus
[],P. Maximilianus
[],Lemandro
[],Bontijs
[],"Armuth, Eucharius"
"['https://viaf.org/viaf/34512366/', 'https://www.wikidata.org/wiki/Q765673', 'https://data.cerl.org/thesaurus/cnp01334903']","Bodley, Thomas"
[],Bittner
[],"Saveur, Guilielmus"
"['https://www.wikidata.org/wiki/Q2848543', 'https://data.cerl.org/thesaurus/cnp01259772', 'https://viaf.org/viaf/120727029/']","Rivet, André"
"['https://opac.vatlib.it/auth/detail/495_46149', 'https://viaf.org/viaf/49275800/', 'https://www.wikidata.org/wiki/Q534683', 'https://isni.oclc.org/xslt/DB=1.2/CMD?ACT=SRCH&IKT=8006&TRM=ISN%3A0000%200001%202101%20205X', 'https://data.cerl.org/thesaurus/cnp01101383']","Barberini, Francesco"
"['https://viaf.org/viaf/17355975/', 'https://www.wikidata.org/wiki/Q3288216', 'https://data.cerl.org/thesaurus/cnp01358517']","Lescarbot, Marc"
"['https://data.cerl.org/thesaurus/cnp01876870', 'https://www.wikidata.org/wiki/Q108664', 'http://viaf.org/viaf/49258063']","Freher, Marquard"
[],Althann
"['https://data.cerl.org/thesaurus/cnp01238127', 'https://viaf.org/viaf/61550437/', 'https://www.wikidata.org/wiki/Q2047944']",Palladius of Galata
['https://www.wikidata.org/wiki/Q501468'],Andreas of Ratisbon
"['https://www.wikidata.org/wiki/Q241026', 'https://data.cerl.org/thesaurus/cnp01316717', 'https://viaf.org/viaf/154679127/']",Muḥammad al-Buchārī
[],"Hefner, Martin"
['https://www.wikidata.org/wiki/Q443510'],Hesychius of Alexandria
[],"Vlas, Thomas"
"['https://www.wikidata.org/wiki/Q118639', 'https://data.cerl.org/thesaurus/cnp00121049']","Schindler, Valentin"
"['https://data.cerl.org/thesaurus/cnp01454044', 'https://viaf.org/viaf/59214175/', 'https://www.wikidata.org/wiki/Q97263']","Gretser, Jacob"
[],Gilles de Losche
"['https://data.cerl.org/thesaurus/cnp01259708', 'https://viaf.org/viaf/7415128/', 'https://www.wikidata.org/wiki/Q785925']","Vossius, Gerardus"
[],M. Wildius
"['https://data.cerl.org/thesaurus/cnp00419009', 'https://www.wikidata.org/wiki/Q94578481', 'https://viaf.org/viaf/3306677/']","Polheim, Reinprecht von"
"['https://www.wikidata.org/wiki/Q1826184', 'https://dbe.rah.es/biografias/16231/luis-de-velasco-y-velasco']",Luis de Velasco y Velasco
['https://www.wikidata.org/wiki/Q2947695'],"Lang von Langenfels, Philipp"
"['https://data.cerl.org/thesaurus/cnp01875304', 'https://www.wikidata.org/wiki/Q5360525', 'http://viaf.org/viaf/100192806']","Hutter, Elias"
[],Baro Moravus Wenzelickius
['https://www.wikidata.org/wiki/Q347250'],Prudentius
"['https://viaf.org/viaf/31996761/', 'https://www.wikidata.org/wiki/Q9546', 'https://data.cerl.org/thesaurus/cnp00394852']",al-Ghazali
"['https://isni.org/isni/0000000079886764', 'https://www.idref.fr/181731290', 'https://viaf.org/viaf/29905392/']","Parent, François"
['https://www.wikidata.org/wiki/Q186153'],Procopius of Caesarea
[],Puecher
"['https://www.wikidata.org/wiki/Q328747', 'https://data.cerl.org/thesaurus/cnp00398672', 'https://viaf.org/viaf/59191609/']","Joinville, Jean de"
"['https://data.cerl.org/thesaurus/cnp00405216', 'https://viaf.org/viaf/90045618/', 'https://isni.oclc.org/xslt/DB=1.2/CMD?ACT=SRCH&IKT=8006&TRM=ISN%3A0000%200000%208399%204565', 'https://www.fihrist.org.uk/catalog/person_90045618', 'https://www.wikidata.org/wiki/Q4115262']",Fīrūzābādī
['https://books.google.at/books?id=WIxeAAAAcAAJ&dq=elias%20opala%20polanowitz&hl=it&pg=PA79#v=onepage&q=elias%20opala%20&f=false'],"Opala, Elias"
[],"Reginaldus, Nicolaus"
"['https://www.wikidata.org/wiki/Q7327864', 'https://data.cerl.org/thesaurus/cnp00000016', 'http://viaf.org/viaf/45248679']","Montague, Richard"
"['https://www.wikidata.org/wiki/Q104218696', 'https://viaf.org/viaf/76127564/', 'https://data.cerl.org/thesaurus/cnp00931231', 'https://d-nb.info/gnd/124521711']","Scultetus, Tobias"
"['https://www.wikidata.org/wiki/Q66439', 'https://viaf.org/viaf/64247586/', 'https://d-nb.info/gnd/120084171']",Yom-Tov Lipmann Heller
[],Dr. Menaldo
"['https://data.cerl.org/thesaurus/cnp00909864', 'https://viaf.org/viaf/9870846/', 'https://www.wikidata.org/wiki/Q322331']","Holstenius, Lucas"
"['https://viaf.org/viaf/54950201/', 'https://data.cerl.org/thesaurus/cnp01341571', 'https://www.wikidata.org/wiki/Q7926323']","Scialac, Victor"
['https://www.wikidata.org/wiki/Q364379'],Horapollon
"['https://www.wikidata.org/wiki/Q455874', 'https://data.cerl.org/thesaurus/cnp01467369', 'https://viaf.org/viaf/62341245/']",Regino of Prüm
"['https://data.cerl.org/thesaurus/cnp00122390', 'https://viaf.org/viaf/37071898/', 'https://www.wikidata.org/wiki/Q704178']",Henri II de Lorraine
[],"Francheim, Marcellus"
[],"Ab Hove, Jacobus"
"['https://viaf.org/viaf/29698295/', 'https://data.cerl.org/thesaurus/cnp01369803', 'https://www.wikidata.org/wiki/Q939953']",Nicephorus Callistus Xanthopulus
[],"Tollman, Simon"
[],Daniel Hegelson
[],Van Wyningen
"['https://www.wikidata.org/wiki/Q448191', 'https://viaf.org/viaf/49322513/', 'https://data.cerl.org/thesaurus/cnp01878347']","Giraldi, Giglio Gregorio"
"['https://www.wikidata.org/wiki/Q940706', 'https://data.cerl.org/thesaurus/cnp00955898', 'https://viaf.org/viaf/41947965/']","Teixeira, Pedro"
"['https://www.wikidata.org/wiki/Q68529', 'https://viaf.org/viaf/88046723/', 'https://data.cerl.org/thesaurus/cnp00402619']","Champlain, Samuel de"
"['https://viaf.org/viaf/76326881/', 'https://www.wikidata.org/wiki/Q682478', 'https://data.cerl.org/thesaurus/cnp01303454']","Sadoleto, Jacopo"
"['https://d-nb.info/gnd/119732971', 'https://viaf.org/viaf/32156533/', 'https://data.cerl.org/thesaurus/cni00074726']","Kopffius, Petrus"
[],"Deurin, Nicolaus"
[],"Ribelius, Theodosius"
"['https://www.wikidata.org/wiki/Q8963', 'https://data.cerl.org/thesaurus/cnp01160356', 'https://viaf.org/viaf/41842150/']","Kepler, Johannes"
"['https://www.wikidata.org/wiki/Q63242640', 'https://data.cerl.org/thesaurus/cni00044739', 'https://viaf.org/viaf/84148433/']","De Marne, Claude"
[],"Marescalchi, Geronimo"
[],"Khattes, Johannes"
[],"Van Giffen, Johann"
[],Herbardus
[],Signor Lombardi
"['https://data.cerl.org/thesaurus/cnp01394609', 'https://viaf.org/viaf/88863426/', 'https://www.wikidata.org/wiki/Q359936']","Spinola, Ambrogio"
"['https://data.cerl.org/thesaurus/cnp01234233', 'https://viaf.org/viaf/316879836/', 'https://www.wikidata.org/wiki/Q59657']","D'Este, Cesare"
"['http://www.wikidata.org/entity/Q55885489', 'https://data.cerl.org/thesaurus/cnp01040848', 'http://viaf.org/viaf/77197375']","Schönwetter, Johann Theobald"
['https://www.wikidata.org/wiki/Q3708255'],Seljuk
[],"De Sliger, Johann"
"['https://data.cerl.org/thesaurus/cnp00394846', 'https://viaf.org/viaf/29547503/', 'https://isni.oclc.org/xslt/DB=1.2/CMD?ACT=SRCH&IKT=8006&TRM=ISN%3A0000%200001%202277%208567', 'https://www.wikidata.org/wiki/Q192315']","Gassendi, Pierre"
"['https://www.wikidata.org/wiki/Q4023278', 'https://data.cerl.org/thesaurus/cnp01340886', 'http://viaf.org/viaf/71732342']","Abudacnus, Josephus (Barbatus)"
[],Paderus
[],P. Flavius
[],"Topliz, Lambertius"
"['https://data.cerl.org/thesaurus/cnp00394903', 'https://www.wikidata.org/wiki/Q165367', 'https://viaf.org/viaf/19737376/']","Glotzius, Hendrik"
"['https://www.wikidata.org/wiki/Q64159', 'https://data.cerl.org/thesaurus/cnp01876513', 'https://viaf.org/viaf/73844870/']","Faber, Johannes"
"['https://viaf.org/viaf/34673342/', 'https://www.wikidata.org/wiki/Q3893150', 'https://data.cerl.org/thesaurus/cnp01376015']","Collenuccio, Pandolfo"
"['https://data.cerl.org/thesaurus/cnp00118923', 'https://www.wikidata.org/wiki/Q900908', 'https://viaf.org/viaf/76444890/']","Istvanffy, Miklós"
[],"Alexandrinus, Georgius"
[],"Cocz, Peter"
"['https://viaf.org/viaf/63872189/', 'https://www.wikidata.org/wiki/Q713530', 'https://data.cerl.org/thesaurus/cnp01361588']",Isidorus Pelusiota
['https://www.wikidata.org/wiki/Q6691'],Homer
"['https://isni.org/isni/0000000116832053', 'https://www.wikidata.org/wiki/Q1392240', 'https://viaf.org/viaf/88806787/', 'https://data.cerl.org/thesaurus/cnp01378497']","Brusch, Kaspar"
"['https://viaf.org/viaf/100218411/', 'https://www.wikidata.org/wiki/Q711589']","Savile, Henry"
"['https://isni.oclc.org/xslt/DB=1.2/CMD?ACT=SRCH&IKT=8006&TRM=ISN%3A0000%200000%205542%205015', 'https://viaf.org/viaf/72335235/', 'https://www.wikidata.org/wiki/Q3492041', 'https://data.cerl.org/thesaurus/cnp00482728']","Kirwitzer, Wenceslas Pantaleon"
[],"Stenfgelius, Paulus"
[],Drescowycz
[],Hieronymus van Eluerenae
"['https://viaf.org/viaf/72296146/', 'https://data.cerl.org/thesaurus/cnp00465294', 'https://www.wikidata.org/wiki/Q53679409']","Neudorffer, Anton"
[],Chemnitz
[],Wilhelm
[],"De Stregen, Hans"
"['https://viaf.org/viaf/61551948/', 'https://data.cerl.org/thesaurus/cnp01443527', 'https://www.wikidata.org/wiki/Q931436']","Sambucus, Johannes"
[],"Maes, Andrea"
[],"Huter, Johannes de"
[],"Gerhart, Wilhelm"
"['https://data.cerl.org/thesaurus/cnp00559690', 'http://www.wikidata.org/entity/Q1554560', 'http://viaf.org/viaf/30359208']","Liechtenstein, Gundaker"
[],"Rozza, Octavio"
"['https://data.cerl.org/thesaurus/cnp00115043', 'https://www.deutsche-biographie.de/pnd100238599.html', 'https://www.wikidata.org/wiki/Q95794642', 'https://viaf.org/viaf/15112928/']","Pansa, Caspar"
[],Arnoldus Hardwicenius
[],Rolandus
"['https://viaf.org/viaf/103646160/', 'https://www.wikidata.org/wiki/Q191734', 'https://data.cerl.org/thesaurus/cnp01875630']",Gregory of Nyssa
"['https://viaf.org/viaf/95147024/', 'https://www.wikidata.org/wiki/Q44248', 'https://data.cerl.org/thesaurus/cnp01260016']",Jérôme
"['https://data.cerl.org/thesaurus/cnp00396082', 'https://www.wikidata.org/wiki/Q1187608', 'https://viaf.org/viaf/51717250/']","Pétau, Denis"
['https://www.jewishvirtuallibrary.org/ma-x0027-or-katan'],"Lucerna, Leo"
"['https://data.cerl.org/thesaurus/cnp01235980', 'https://viaf.org/viaf/95193756/', 'https://www.wikidata.org/wiki/Q77107']","Hutten, Ulrich von"
['https://www.wikidata.org/wiki/Q1726053'],Švamberk
"['https://www.wikidata.org/wiki/Q112066', 'https://viaf.org/viaf/88888825/', 'https://data.cerl.org/thesaurus/cnp00402237']",Leopold V
[],Jacobus Taravel Gandavensis Wappenschneider
"['https://viaf.org/viaf/105155222/', 'https://www.wikidata.org/wiki/Q44024', 'https://data.cerl.org/thesaurus/cnp00394120']",Athanasius of Alexandria
[],"Chemnitius, Andreas"
[],"Gaag, Conradus"
[],P. Nazarithanus
"['http://viaf.org/viaf/317276847', 'https://d-nb.info/gnd/1043075194/about', 'https://data.cerl.org/thesaurus/cnp02089148']","Spey, Rutger"
"['https://www.wikidata.org/wiki/Q453465', 'https://data.cerl.org/thesaurus/cnp00907132']",Eustathius of Thessalonika
[],Bidembach
['https://bibale.irht.cnrs.fr/30858'],"Parent, Jérôme"
[],"Steinius, Nicolaus"
['https://www.wikidata.org/wiki/Q61631'],"Wolf, Hieronymus"
"['https://data.cerl.org/thesaurus/cnp00099263', 'https://www.wikidata.org/wiki/Q23719033', 'https://viaf.org/viaf/261805337/']","De Alcalá, Pedro"
[],Plautus
"['https://data.cerl.org/thesaurus/cnp01015744', 'https://viaf.org/viaf/71697717/', 'https://www.wikidata.org/wiki/Q2459003']","Pijnacker, Cornelis"
[],"De Witte, Johannes"
[],Egmont
"['https://data.cerl.org/thesaurus/cnp00165477', 'https://viaf.org/viaf/253536103/', 'https://www.wikidata.org/wiki/Q353058']",Adelboldus Traiectensis
"['https://viaf.org/viaf/39400456/', 'https://www.wikidata.org/wiki/Q3173610', 'https://data.cerl.org/thesaurus/cnp01095283']","Morin, Jean"
[],Menzel
[],"Bracheln, Peter"
[],Rath
[],Carolo Magno
[],Lorenus
[],"Betularius, Bartholomäus"
[],"Nagy, Georgius"
"['https://www.wikidata.org/wiki/Q1367280', 'https://viaf.org/viaf/41895963/', 'https://data.cerl.org/thesaurus/cnp01259524']","Lessius, Leonardus"
[],"Ernestus, Johannes Bonifacius"
['https://data.cerl.org/thesaurus/cni00081241'],"Bergin, Anna"
[],"Rhitzsch, Paulus Raphael"
[],"Analus, Isaac"
"['https://www.wikidata.org/wiki/Q363852', 'https://viaf.org/viaf/67257819/', 'https://data.cerl.org/thesaurus/cnp00990026']",Moses bar Kepha
"['https://viaf.org/viaf/49999642/', 'https://data.cerl.org/thesaurus/cnp00849534', 'https://www.wikidata.org/wiki/Q2075580']","Stralendorf, Peter Heinrich von"
[],Alexander Ferrarius
['https://www.wikidata.org/wiki/Q435942'],Otto of Freising
[],D. Bonfigliolo
[],Vandebrouch
[],"Willems, Arnold"
[],"Haffner, Christoph"
"['https://www.wikidata.org/wiki/Q55226454', 'https://data.cerl.org/thesaurus/cnp01016917', 'https://viaf.org/viaf/316424749/']","Capello, Marcantonio"
[],"Martialis, Marcus Valerius"
"['https://data.cerl.org/thesaurus/cnp01318268', 'https://viaf.org/viaf/95154093/', 'https://www.wikidata.org/wiki/Q169234']",Razi
[],Cavellat
"['https://viaf.org/viaf/46804951/', 'https://www.wikidata.org/wiki/Q1866375', 'https://data.cerl.org/thesaurus/cnp01235540']","Goltzius, Hubert"
"['https://www.wikidata.org/wiki/Q153586', 'https://data.cerl.org/thesaurus/cnp00397931', 'https://viaf.org/viaf/7441786/']",Christian IV
"['https://data.cerl.org/thesaurus/cnp01335937', 'https://viaf.org/viaf/4989656/', 'https://www.wikidata.org/wiki/Q266482']","Bonfini, Antonio"
[],Sebastian Tengnagel's uncle
"['https://viaf.org/viaf/311483189/', 'https://it.wikipedia.org/wiki/Gerolamo_De_Franchi_Conestagio', 'https://www.wikidata.org/wiki/Q2513067']","De Franchi Conestaggio, Girolamo"
"['https://viaf.org/viaf/49372318/', 'https://www.wikidata.org/wiki/Q71394', 'https://data.cerl.org/thesaurus/cnp00170178']",Ibn Khallikan
"['https://www.wikidata.org/wiki/Q1395172', 'https://data.cerl.org/thesaurus/cnp02030729', 'https://viaf.org/viaf/37689780/']","Ulm, Hans Ludwig von"
['https://www.wikidata.org/wiki/Q25340725'],"Flescherman, David"
[],Obelius
"['https://data.cerl.org/thesaurus/cnp01039734', 'https://m.wikidata.org/wiki/Q19739105', 'https://viaf.org/viaf/32803902/', 'https://fuggerzeitungen.univie.ac.at/en/personen/zehender-johannes', 'https://www.deutsche-biographie.de/sfzZ0435.html?language=en']","Zehender, Johannes"
[],"Nasson, Jan"
"['https://data.cerl.org/thesaurus/cnp01259332', 'https://www.wikidata.org/wiki/Q167236', 'https://viaf.org/viaf/67257928/']",Frederick Henry of Orange-Nassau
[],"Cavellat, Pierre"
"['https://data.cerl.org/thesaurus/cnp01302815', 'https://viaf.org/viaf/61117837/', 'https://www.wikidata.org/wiki/Q70968']","Reusner, Adam"
[],"Hermann, Balthasar Hermann"
"['http://viaf.org/viaf/140912', 'https://www.wikidata.org/wiki/Q55124140', 'https://data.cerl.org/thesaurus/cnp01345962']","Dornau, Caspar"
[],"Le Grand, Henri"
"['https://www.wikidata.org/wiki/Q1243948', 'https://viaf.org/viaf/14789098/', 'https://data.cerl.org/thesaurus/cnp00580983']","Bérulle, Pierre de"
[],"Rhait, Gaspar"
[],"Forstner, Christoph"
[],"De Armatis, Marco Antonio"
"['https://www.wikidata.org/wiki/Q55122976', 'http://viaf.org/viaf/74607460', 'https://data.cerl.org/thesaurus/cnp01256549']","Gewold, Christoph"
[],"Steckovius, Zacharias"
"['https://viaf.org/viaf/61582494/', 'https://www.wikidata.org/wiki/Q3074895', 'https://data.cerl.org/thesaurus/cnp00124382']","Mármol Carvajal, Luis de"
"['https://www.wikidata.org/wiki/Q3065693', 'https://data.cerl.org/thesaurus/cnp01322104', 'https://viaf.org/viaf/17453744/']",Lucas Tudensis
[],Hirschel
"['https://data.cerl.org/thesaurus/cnp01205870', 'https://www.wikidata.org/wiki/Q1690934', 'http://viaf.org/viaf/103705705']","Enenkel, Job Hartmann von"
"['https://data.cerl.org/thesaurus/cnp01382067', 'https://www.wikidata.org/wiki/Q7327123', 'https://viaf.org/viaf/22395113/']","Knolles, Richard"
"['http://viaf.org/viaf/34728682', 'https://www.wikidata.org/wiki/Q1279150', 'https://data.cerl.org/thesaurus/cnp00461229']","Kieser, Eberhard"
"['https://viaf.org/viaf/100209970/', 'https://data.cerl.org/thesaurus/cnp01114511', 'https://www.wikidata.org/wiki/Q41618589']","Ulloa, Alfonso de"
['https://www.wikidata.org/wiki/Q116548'],"Pellikan, Konrad"
[],"Borelius, Johannes"
"['https://data.cerl.org/thesaurus/cnp01875270', 'https://www.wikidata.org/wiki/Q27571196', 'https://viaf.org/viaf/173098499/']","Colerus, Christophorus"
[],Sirtori
[],"Trippetta, Marx"
[],Dioscorides
[],"De Scheilder, Robert"
"['https://www.wikidata.org/wiki/Q896449', 'https://viaf.org/viaf/22268544/', 'https://data.cerl.org/thesaurus/cnp00388239']","Megiser, Hieronymus"
"['https://www.wikidata.org/wiki/Q7024607', 'https://viaf.org/viaf/2813152/', 'https://data.cerl.org/thesaurus/cnp00125229', 'https://isni.org/isni/0000000066321609']","Orlandini, Nicolò"
"['https://www.wikidata.org/wiki/Q179284', 'https://data.cerl.org/thesaurus/cnp01316382', 'https://isni.oclc.org/xslt/DB=1.2/CMD?ACT=SRCH&IKT=8006&TRM=ISN%3A0000%200001%202308%201331', 'https://viaf.org/viaf/111167713/', 'https://wikidata-externalid-url.toolforge.org/?p=8034&url_prefix=https://opac.vatlib.it/auth/detail/&id=495/44554']",Anna Comnena
[],"De la Croix, Petrus"
[],Théodore de Juges
"['https://data.cerl.org/thesaurus/cnp01329479', 'https://www.wikidata.org/wiki/Q233136', 'https://viaf.org/viaf/97611338/']",Agathias
[],"Szegi, Franciscus"
[],"Kneüßl, Hans"
"['https://viaf.org/viaf/36948387/', 'https://data.cerl.org/thesaurus/cnp00398070', 'https://www.wikidata.org/wiki/Q320735']","Ebendorfer, Thomas"
"['https://www.wikidata.org/wiki/Q2270219', 'https://viaf.org/viaf/59338304/', 'https://data.cerl.org/thesaurus/cnp01381938']","Moncada, Francisco"
[],"Cavellat, Guillaume"
"['https://viaf.org/viaf/37107664/', 'https://data.cerl.org/thesaurus/cnp01140284', 'https://www.wikidata.org/wiki/Q5360557']","Mertel, Elias"
[],Cramoisy
"['https://data.cerl.org/thesaurus/cni00007425', 'https://www.wikidata.org/wiki/Q88263', 'http://viaf.org/viaf/36927955']","Kirstenius, Petrus"
"['https://data.cerl.org/thesaurus/cnp01237352', 'https://www.wikidata.org/wiki/Q20002585', 'https://viaf.org/viaf/29964762/']","Minadoi, Giovanni Tommaso"
[],Hüttendorfer
"['https://www.wikidata.org/wiki/Q328850', 'https://viaf.org/viaf/64038233/', 'https://data.cerl.org/thesaurus/cnp00395777']","Masius, Andreas"
"['https://viaf.org/viaf/34756093/', 'https://data.cerl.org/thesaurus/cnp00480691', 'https://www.wikidata.org/wiki/Q2030849', 'https://dbe.rah.es/biografias/11951/antonio-herrera-y-tordesillas']","Herrera y Tordsillas, Antonio de"
"['https://data.cerl.org/thesaurus/cnp01318629', 'https://www.wikidata.org/wiki/Q311405', 'https://viaf.org/viaf/100186624/']","Vega, Garcilaso de la"
"['https://www.wikidata.org/wiki/Q174798', 'https://viaf.org/viaf/265348924/', 'https://data.cerl.org/thesaurus/cnp01416275']",Mustafā I
[],"Conopeus, Paulus"
"['https://viaf.org/viaf/27413774/', 'https://www.wikidata.org/wiki/Q41337', 'https://data.cerl.org/thesaurus/cnp00134282']",Don Juan de Persia
"['https://viaf.org/viaf/300725564/', 'https://www.wikidata.org/wiki/Q61177', 'https://data.cerl.org/thesaurus/cnp01014563']",Helmold of Bosau
[],Polheim
"['https://data.cerl.org/thesaurus/cnp01439430', 'https://viaf.org/viaf/39379538/', 'https://portal.dnb.de/opac.htm?method=simpleSearch&cqlMode=true&query=nid%3D136285422', 'https://www.wikidata.org/wiki/Q55193193']","Lange, Johann"
[],"Kuthner, Johannes"
"['https://data.cerl.org/thesaurus/cnp00951231', 'https://www.wikidata.org/wiki/Q76956', 'https://viaf.org/viaf/59877037/']",Rudolf I
[],"Überling, Wilhelm"
[],Martinus archidiaconus
"['https://data.cerl.org/thesaurus/cnp00121049', 'https://www.wikidata.org/wiki/Q1242774', 'https://viaf.org/viaf/68917720/']","Pécseli Király, Imre"
"['https://viaf.org/viaf/60020944/', 'https://data.cerl.org/thesaurus/cnp01875956']","Donauer, Christoph"
[],"Forteguerra, Sebastiano"
"['https://viaf.org/viaf/13037898/', 'https://www.wikidata.org/wiki/Q97066392']","Sgambati, Scipione"
[],"Beccius, Jacobus"
"['https://isni.org/isni/0000000082663166', 'https://www.wikidata.org/wiki/Q59532492', 'https://viaf.org/viaf/74907400/', 'https://data.cerl.org/thesaurus/cnp00875367']","Oertel, Hieronymus"
"['https://data.cerl.org/thesaurus/cnp01303090', 'https://viaf.org/viaf/27173507/', 'https://www.wikidata.org/wiki/Q62663']","Pirckheimer, Willibald"
[],"Lustrier von Liebenstein, Sebastian"
"['https://viaf.org/viaf/66521049/', 'https://www.wikidata.org/wiki/Q95721', 'https://data.cerl.org/thesaurus/cnp01302212']","Pareus, David"
"['https://www.wikidata.org/wiki/Q105301', 'https://data.cerl.org/thesaurus/cnp00148438', 'https://viaf.org/viaf/35309433/']","Wacker von Wackenfels, Johann Matthäus"
[],"D'Asquier, Michel"
"['https://data.cerl.org/thesaurus/cnp01363506', 'https://viaf.org/viaf/19824580/', 'https://www.wikidata.org/wiki/Q1922212']","Gramaye, Jean-Baptiste"
['https://www.wikidata.org/wiki/Q1048'],Julius Caesar
['https://it.wikipedia.org/wiki/Grazio_Maria_Grazi'],"Grazi, Grazio Maria"
[],"Ghero, Ranutio"
"['http://viaf.org/viaf/312159032867001182551', 'https://data.cerl.org/thesaurus/cnp01272760']","Questenberg, Gerhard von"
"['https://viaf.org/viaf/62479553/', 'https://data.cerl.org/thesaurus/cnp00936195', 'https://www.wikidata.org/wiki/Q7151970']","Laymann, Paul"
"['https://viaf.org/viaf/86140464/', 'https://data.cerl.org/thesaurus/cnp01172803', 'https://www.wikidata.org/wiki/Q84654']",Louis Henry
"['https://www.wikidata.org/wiki/Q69137', 'https://data.cerl.org/thesaurus/cnp01055097']",Anthony Günther
[],Frau Henspergerin
['https://www.wikidata.org/wiki/Q1010185'],"Ghiczy, Andreas"
[],Schöner
"['https://viaf.org/viaf/108675755/', 'https://www.wikidata.org/wiki/Q44011', 'https://data.cerl.org/thesaurus/cnp01359849']",Gregory of Nazianzus
"['https://www.wikidata.org/wiki/Q117323', 'http://viaf.org/viaf/147349502', 'https://data.cerl.org/thesaurus/cnp01272596']",Ottokar I
[],"Prachel, Peter"
"['https://viaf.org/viaf/7524651/', 'https://data.cerl.org/thesaurus/cnp01259587', 'https://www.wikidata.org/wiki/Q868']",Aristotle
[],Rederer
[],"Maierhofer, Sebastian"
['https://www.wikidata.org/wiki/Q8747'],Euclid
[],Kellenus
[],"Pruneau, Jacobus"
[],Belga quisdam
"['https://www.wikidata.org/wiki/Q154526', 'https://data.cerl.org/thesaurus/cnp01467362', 'https://viaf.org/viaf/14778504/']",Einhard
"['https://data.cerl.org/thesaurus/cnp01339247', 'http://www.wikidata.org/entity/Q55122411', 'https://www.vondel.humanities.uva.nl/ecartico/persons/49979', 'https://d-nb.info/gnd/100743161', 'http://viaf.org/viaf/305230247']","Golius, Petrus"
"['https://www.wikidata.org/wiki/Q58461413', 'https://data.cerl.org/thesaurus/cnp01875867', 'https://viaf.org/viaf/100199078/']",Johann Isaak Levita
"['https://data.cerl.org/thesaurus/cnp01352662', 'https://viaf.org/viaf/2588538/', 'https://www.wikidata.org/wiki/Q90297']","Christmann, Jakob"
"['https://viaf.org/viaf/57926778/', 'https://data.cerl.org/thesaurus/cni00039551']","Angermaria, Elisabetha"
"['https://www.wikidata.org/wiki/Q55133349', 'https://viaf.org/viaf/17579807/', 'https://data.cerl.org/thesaurus/cnp00166776']",Paul of Bernried
"['https://www.wikidata.org/wiki/Q171349', 'https://data.cerl.org/thesaurus/cnp00876762']",Abbas I
[],F. Christophorus
[],Springer
[],Signor Annoldino
[],"Alber, Ferdinandus"
[],Archbishop of Damascus
[],"Darimplius, Jacobus"
"['https://www.wikidata.org/wiki/Q342416', 'https://data.cerl.org/thesaurus/cnp00945273', 'https://viaf.org/viaf/100902203/']",Arnobius
['https://www.wikidata.org/wiki/Q183144'],Epictetus
"['https://data.cerl.org/thesaurus/cnp01302333', 'https://viaf.org/viaf/47065697/', 'https://www.wikidata.org/wiki/Q1763464']","Van Adrichem, Christian"
[],Fridericus Calixtus
"['https://data.cerl.org/thesaurus/cnp01302796', 'https://viaf.org/viaf/71412338/', 'https://www.wikidata.org/wiki/Q532384']","Hessus, Helius Eobanus"
"['https://data.cerl.org/thesaurus/cnp01302418', 'https://www.wikidata.org/wiki/Q96077', 'https://viaf.org/viaf/66490380/', 'https://www.deutsche-biographie.de/sfz53938.html']","Leunclavius, Johannes"
"['http://viaf.org/viaf/121020365', 'https://data.cerl.org/thesaurus/cnp01877448', 'https://www.wikidata.org/wiki/Q52221429']",Matthias
"['http://viaf.org/viaf/8179803', 'https://data.cerl.org/thesaurus/cnp01037459', 'https://www.wikidata.org/wiki/Q57206']",Maximilian I
[],"Bloem, Peter"
"['https://www.wikidata.org/wiki/Q43706', 'https://viaf.org/viaf/305214868/']","Chrysostomus, Johannes"
[],Wees
['https://www.wikidata.org/wiki/Q124950'],Friedrich I
"['https://viaf.org/viaf/23078088/', 'https://www.wikidata.org/wiki/Q3615695', 'https://data.cerl.org/thesaurus/cnp00478762']","Fachinei, Andrea"
"['http://viaf.org/viaf/69067776', 'https://www.wikidata.org/wiki/Q2387586', 'https://data.cerl.org/thesaurus/cnp01360230']","Paludanus, Bernardus"
['https://dbe.rah.es/biografias/51118/antonio-de-san-roman'],Antonio de San Roman
"['https://data.cerl.org/thesaurus/cnp00251869', 'https://viaf.org/viaf/24980796/', 'https://www.wikidata.org/wiki/Q63536']",Frederick Ulrich
['https://www.wikidata.org/wiki/Q142999'],Eusebius of Caesarea
"['https://www.wikidata.org/wiki/Q2739893', 'https://viaf.org/viaf/86885879/']","Calderón, Rodrigo"
[],"Bakai, Benedictus"
[],"Huysmannus, Guilielmus"
[],"Cecius, Georgius"
[],Murād Beg
[],Anna Juditha
['https://www.wikidata.org/wiki/Q328156'],Petrus Siculus
['https://www.wikidata.org/wiki/Q164889'],Manfred
"['http://viaf.org/viaf/76401392', 'https://www.wikidata.org/wiki/Q4852651', 'https://data.cerl.org/thesaurus/cni00028329?rid=cni00028329']","Moretus, Balthasar"
"['http://thesaurus.cerl.org/record/cni00042453', 'http://viaf.org/viaf/5099127']","Cavellatus, Petrus"
[],Georgius Faeschenprandus Viennensis
[],Sigismundus Aschenbrenner
"['https://data.cerl.org/thesaurus/cnp01235998', 'https://viaf.org/viaf/90633023/', 'https://www.wikidata.org/wiki/Q270670']",Abraham ibn ‛Ezra
"['https://viaf.org/viaf/15707089/', 'https://data.cerl.org/thesaurus/cnp00477776', 'https://www.wikidata.org/wiki/Q23061335']","Berlichius, Matthias"
"['https://data.cerl.org/thesaurus/cnp00944510', 'https://viaf.org/viaf/95296771/', 'https://www.wikidata.org/wiki/Q1969164']",Nicolas of Lyra
"['https://viaf.org/viaf/89102284/', 'https://data.cerl.org/thesaurus/cnp01075144', 'https://www.wikidata.org/wiki/Q381635', 'https://isni.oclc.org/xslt/DB=1.2/CMD?ACT=SRCH&IKT=8006&TRM=ISN%3A0000%200000%207100%205707']","Pallotta, Giovanni Battista Maria"
[],"Barthia, Eva"
[],"Strobel, Tobias"
[],Kuenburg
"['https://data.cerl.org/thesaurus/cnp01231871', 'https://www.wikidata.org/wiki/Q469171', 'https://viaf.org/viaf/56627664/']","Borromeo, Federico"
[],Treterin
['https://www.wikidata.org/wiki/Q317072'],"Climacus, Johannes"
"['https://data.cerl.org/thesaurus/cni00091121', 'http://viaf.org/viaf/59957802']","Leuchtius, Valentinus"
"['https://viaf.org/viaf/13160680/', 'https://data.cerl.org/thesaurus/cnp00431428', 'https://www.wikidata.org/wiki/Q17173142']","Abel, Leonard"
"['https://www.wikidata.org/wiki/Q60840314', 'https://viaf.org/viaf/42592877/', 'https://data.cerl.org/thesaurus/cnp01079968']","Etzel, Balthasar"
[],Dardani
['https://www.wikidata.org/wiki/Q1584092'],Çerkes Mehmed Pasha
"['https://www.wikidata.org/wiki/Q32052', 'https://data.cerl.org/thesaurus/cnp01241382']",Johannes Zonaras
[],Gropper
"['https://viaf.org/viaf/102329138/', 'https://www.wikidata.org/wiki/Q172926', 'https://data.cerl.org/thesaurus/cnp00404087']",Proclus of Constantinople
"['https://viaf.org/viaf/62486997/', 'https://www.wikidata.org/wiki/Q1909790', 'https://data.cerl.org/thesaurus/cnp01027649']","Colerus, Matthias"
[],Dr. Bartholdus
[],"Kruger, Johann"
[],Martinus
"['https://dbe.rah.es/biografias/38490/antonio-gouvea', 'http://viaf.org/viaf/54576295', 'https://data.cerl.org/thesaurus/cnp01471081', 'https://www.wikidata.org/wiki/Q23613008']","Gouvea, Antonio de"
"['https://viaf.org/viaf/79061058/', 'https://www.wikidata.org/wiki/Q59532764']","Lansselius, Petrus"
"['https://isni.oclc.org/xslt/DB=1.2/CMD?ACT=SRCH&IKT=8006&TRM=ISN%3A0000%200001%201210%200373', 'https://viaf.org/viaf/88068825/', 'https://www.wikidata.org/wiki/Q2748358']","Harlay de Sancy, Achille"
"['https://data.cerl.org/thesaurus/cnp01301986', 'https://viaf.org/viaf/46873973/', 'https://www.wikidata.org/wiki/Q76728']","Clavius, Christophorus"
"['https://www.wikidata.org/wiki/Q190944', 'https://data.cerl.org/thesaurus/cnp01231680']","Bodin, Jean"
"['https://data.cerl.org/thesaurus/cnp01335157', 'http://viaf.org/viaf/27408919', 'https://www.wikidata.org/wiki/Q639331']","Rosweyde, Heribert"
['https://catalogue.bnf.fr/ark:/12148/cb10500215m'],"Goedthals, François"
[],"Roest, Georg"
"['https://viaf.org/viaf/49560557/', 'https://data.cerl.org/thesaurus/cnp01350014', 'https://www.wikidata.org/wiki/Q2217059']","Wecker, Johannes Jacob"
"['https://www.wikidata.org/wiki/Q158252', 'https://data.cerl.org/thesaurus/cnp00405597', 'https://viaf.org/viaf/11125150/']",Elizabeth Stuart
[],M. de Vertematis
"['https://data.cerl.org/thesaurus/cnp00904698', 'https://viaf.org/viaf/7440154/', 'https://www.wikidata.org/wiki/Q99371']","Besold, Christopher"
"['https://viaf.org/viaf/80365092/', 'https://data.cerl.org/thesaurus/cnp01147402', 'https://www.wikidata.org/wiki/Q1809511']","Henckel von Donnersmarck, Lazarus"
"['https://viaf.org/viaf/89764391/', 'https://www.wikidata.org/wiki/Q3385354', 'https://data.cerl.org/thesaurus/cnp01880807']","Grégoire, Pierre"
[],Judaeus Constantinopolitaus
[],"Berka, Zdislaus"
"['https://data.cerl.org/thesaurus/cnp00399934', 'https://viaf.org/viaf/37037342/', 'https://www.wikidata.org/wiki/Q1567581']","Junius, Hadrianius"
[],Cafka
[],Ring*in
"['https://data.cerl.org/thesaurus/cnp01875654', 'http://viaf.org/viaf/56635500', 'https://www.wikidata.org/wiki/Q918731']","Heinsius, Daniel"
"['http://viaf.org/viaf/69722515', 'https://data.cerl.org/thesaurus/cnp00566851', 'https://www.wikidata.org/wiki/Q458643']",Severinus Noricus
[],Moghul
[],Krenberger
['https://www.wikidata.org/wiki/Q183417'],Chiron
[],Apollonia
"['https://data.cerl.org/thesaurus/cnp01879498', 'https://viaf.org/viaf/100214715/', 'https://www.wikidata.org/wiki/Q88999']","Widmannstetter, Johann Albrecht"
[],Stopius
['https://www.wikidata.org/wiki/Q15787377'],"Beck von Leopoldsdorf, Hieronymus"
[],Wolffstein
"['https://www.wikidata.org/wiki/Q3339928', 'https://viaf.org/viaf/8743793/', 'https://data.cerl.org/thesaurus/cnp02218860']","Patrascu, Nicolae"
[],P. Henricus
"['https://viaf.org/viaf/88716939/', 'https://www.wikidata.org/wiki/Q318091', 'https://data.cerl.org/thesaurus/cnp00882202']",Carlo Emanuele I
[],Pena
[],Dr. Dalner
"['https://viaf.org/viaf/76454666/', 'https://www.wikidata.org/wiki/Q641028']","Wotton, Henry"
[],Frinzen
"['https://data.cerl.org/thesaurus/cnp01445988', 'https://viaf.org/viaf/100185495/', 'https://www.wikidata.org/wiki/Q127398']",Maimonides
[],Johann Pistorius's sons
"['http://viaf.org/viaf/29540435', 'https://data.cerl.org/thesaurus/cnp01881966', 'https://www.wikidata.org/wiki/Q315163']","Scaliger, Joseph Justus"
[],Galen notarius publicus
"['https://data.cerl.org/thesaurus/cnp00097434', 'https://viaf.org/viaf/73890820/', 'https://www.wikidata.org/wiki/Q1573641']","Waser, Kaspar"
[],"Sennyey, Pongrác"
"['https://www.wikidata.org/wiki/Q129165', 'https://data.cerl.org/thesaurus/cnp00400914']",Xerxes I
[],Mylen
['https://www.wikidata.org/wiki/Q37085'],Solomon
"['http://viaf.org/viaf/81418440', 'https://www.wikidata.org/wiki/Q55890403', 'https://data.cerl.org/thesaurus/cnp01164960']","Smend, Oswalld"
[],Gualterus
"['https://d-nb.info/gnd/100040535', 'https://www.wikidata.org/wiki/Q3180774', 'https://viaf.org/viaf/22477499/']","Potken, Johannes"
"['https://data.cerl.org/thesaurus/cnp01086081', 'http://viaf.org/viaf/69705398']","Welser, Matthäus"
[],De Bordé
"['https://data.cerl.org/thesaurus/cnp01319259', 'https://www.wikidata.org/wiki/Q3173610', 'https://viaf.org/viaf/10642032/']","Lamormaini, Wilhelm"
['https://thbw.hadw-bw.de/ansicht/person/5d7a2884bbbbe1161e97d0d7'],"Zierotin, Johann Dionys von"
"['https://www.wikidata.org/wiki/Q2355082', 'https://data.cerl.org/thesaurus/cnp00466477', 'https://viaf.org/viaf/24656848/']","Silva Figueroa, García de"
[],"Naverius, Lambertus"
[],Conovitz
[],Elias Cretensis
[],"Ungelter, Ursula"
[],"Bosso, Massimiliano"
"['https://viaf.org/viaf/61541619/', 'https://data.cerl.org/thesaurus/cnp01876384', 'https://www.wikidata.org/wiki/Q1003677']","Belleforest, François de"
"['https://www.wikidata.org/wiki/Q71599', 'https://data.cerl.org/thesaurus/cnp01162824', 'https://viaf.org/viaf/41947846/']","Buxtorf, Johannes"
[],Diogenes
[],Le Hove
"['https://viaf.org/viaf/89488285/', 'https://www.wikidata.org/wiki/Q3175712']","Serres, Jean de"
[],Stralendorf
[],"Van Opmeer, Eva"
['https://m.wikidata.org/wiki/Q2651114'],"Requesens, Alfons de"
[],Pater Sylvius
"['https://data.cerl.org/thesaurus/cnp00974724', 'https://www.wikidata.org/wiki/Q95563', 'https://viaf.org/viaf/281587720/']","Schweickhard von Kronberg, Johann"
"['https://www.wikidata.org/wiki/Q850346', 'https://data.cerl.org/thesaurus/cnp01195224', 'https://viaf.org/viaf/121453593/']",Giovanni Michele Bruto
['https://www.wikidata.org/wiki/Q112083'],Karl Joseph von Österreich
"['https://data.cerl.org/thesaurus/cnp02108497', 'https://viaf.org/viaf/300383990/', 'https://www.wikidata.org/wiki/Q1329310']",Eliezer ben Hurcanus
"['https://www.wikidata.org/wiki/Q727076', 'https://viaf.org/viaf/56620028/', 'https://data.cerl.org/thesaurus/cnp01321666']","Durand de Villegaignon, Nicolas"
[],"Laconius, Gebualdus"
[],"Van Wyningen, Jan"
"['https://www.wikidata.org/wiki/Q40746', 'https://data.cerl.org/thesaurus/cnp00391066', 'https://viaf.org/viaf/122089820/']",John Sigismund
['https://www.wikidata.org/wiki/Q37084'],John VI Kantakouzenos
[],Hubacius
[],Rabbi Ya‘aqov Ashkenazi
[],Capitano Draghi
"['https://data.cerl.org/thesaurus/cnp00646730', 'http://viaf.org/viaf/38013917']","Tassis, Octavio de"
"['https://data.cerl.org/thesaurus/cnp00890641', 'https://isni.oclc.org/xslt/DB=1.2/CMD?ACT=SRCH&IKT=8006&TRM=ISN%3A0000%200001%202134%200205', 'https://www.wikidata.org/wiki/Q440183', 'https://viaf.org/viaf/56614685/']","Fabri de Peiresc, Nicolas-Claude"
[],"Van Wyningen, Jan (the Younger)"
[],"Le Bé, Guillaume"
"['https://viaf.org/viaf/22286869/', 'https://data.cerl.org/thesaurus/cnp01362973', 'https://www.wikidata.org/wiki/Q1698186']","Posthius, Johannes"
[],Christianus Reutnerus
"['https://data.cerl.org/thesaurus/cnp01128717', 'https://d-nb.info/gnd/13354477X', 'http://viaf.org/viaf/3674160667696003560004']","Stralendorf, Leopold von"
[],"Schilling, Albert von"
"['https://www.biusante.parisdescartes.fr/histoire/biographies/index.php?cle=12797', 'https://www.wikidata.org/wiki/Q3592200']","Hubert, Étienne"
['https://www.wikidata.org/wiki/Q155669'],Charles IV
[],Signor Gantelmo
[],"Faber (Noribergensis Syndicus), Johannes"
"['https://d-nb.info/gnd/139320423', 'https://viaf.org/viaf/100601314/', 'https://m.wikidata.org/wiki/Q55228879']","Sprinzenstein, Simon Hieronymus von"
[],Denck
[],Wenceslaus
"['https://viaf.org/viaf/88838540/', 'https://www.wikidata.org/wiki/Q60907', 'https://data.cerl.org/thesaurus/cnp00397313']",Albert V
"['https://data.cerl.org/thesaurus/cnp00985464', 'http://viaf.org/viaf/72503315']","Bonacina, Martino"
"['https://www.wikidata.org/wiki/Q365183', 'https://data.cerl.org/thesaurus/cnp00400716', 'https://viaf.org/viaf/100219934/']",Themistius
[],"Redeius, Franciscus"
"['https://www.wikidata.org/wiki/Q99420', 'https://data.cerl.org/thesaurus/cnp01878113', 'https://viaf.org/viaf/32300072/']","Bünting, Heinrich"
"['https://www.wikidata.org/wiki/Q63419', 'https://viaf.org/viaf/29833013/', 'https://data.cerl.org/thesaurus/cnp00404231']","Clüver, Philipp"
"['https://data.cerl.org/thesaurus/cnp01322104', 'https://viaf.org/viaf/293459163/', 'https://www.wikidata.org/wiki/Q1852000']",Moses Narboni
[],"Marsilius, Maximilianus"
[],Apollonia (Spitlmeisterin)
"['https://www.wikidata.org/wiki/Q328688', 'https://data.cerl.org/thesaurus/cnp00087745']","Breydenbach, Bernhard von"
[],Aulic Chamber
[],Tillmannus
"['https://viaf.org/viaf/108906654/', 'https://www.wikidata.org/wiki/Q45936', 'https://data.cerl.org/thesaurus/cnp00396615']",Strabo
"['https://viaf.org/viaf/100204205/', 'https://www.wikidata.org/wiki/Q721501', 'https://data.cerl.org/thesaurus/cnp01101329']","Pagnini, Sante"
[],P. Velerius
"['https://data.cerl.org/thesaurus/cnp01302064', 'https://www.wikidata.org/wiki/Q184530', 'https://viaf.org/viaf/27062058/']","Cardano, Girolamo"
"['https://data.cerl.org/thesaurus/cnp00086324', 'https://viaf.org/viaf/64016141/', 'https://www.wikidata.org/wiki/Q203445']",Porphyry
"['https://data.cerl.org/thesaurus/cnp01301980', 'https://viaf.org/viaf/121884477/', 'https://www.wikidata.org/wiki/Q298664']","Roberto, Bellarmino"
"['https://www.wikidata.org/wiki/Q15450191', 'https://viaf.org/viaf/52121455/', 'https://data.cerl.org/thesaurus/cnp01004843']","Schallenberg, Georg Christoph von"
"['https://viaf.org/viaf/64819700/', 'https://en.wikipedia.org/wiki/John_Harington_(writer)', 'https://www.wikidata.org/wiki/Q686895', 'https://data.cerl.org/thesaurus/cnp01336066']","Harington, John"
[],"Schimmelbeinius, Nicolaus"
"['https://data.cerl.org/thesaurus/cnp00477237', 'https://www.wikidata.org/wiki/Q527333', 'https://viaf.org/viaf/56743604/', 'https://isni.oclc.org/xslt/DB=1.2/CMD?ACT=SRCH&IKT=8006&TRM=ISN%3A0000%200000%207689%207062']","Savary de Brèves, François"
['https://www.wikidata.org/wiki/Q332785'],Persius
[],"Köler, Hieronymus"
[],Tanner
"['https://www.wikidata.org/wiki/Q55123565', 'https://data.cerl.org/thesaurus/cnp02038584', 'https://viaf.org/viaf/162926273/']","Bötzer, Anton"
[],Duque de Lerma
['https://www.wikidata.org/wiki/Q1821925'],"Hulsius, Levinus"
"['https://www.deutsche-digitale-bibliothek.de/person/gnd/124147100', 'https://www.wikidata.org/wiki/Q13409104', 'https://data.cerl.org/thesaurus/cnp00925464', 'http://viaf.org/viaf/3397729', 'https://de.wikipedia.org/wiki/Friedrich_von_Monau']","Monau, Friedrich"
"['https://viaf.org/viaf/317291529/', 'https://data.cerl.org/thesaurus/cnp01359866', 'https://www.wikidata.org/wiki/Q317029']",Theodoret
['https://www.wikidata.org/wiki/Q10261'],Pythagoras
"['https://viaf.org/viaf/304945284/', 'https://data.cerl.org/thesaurus/cnp00447299', 'https://www.wikidata.org/wiki/Q55846563']","Schürer, Zacharias"
['https://data.cerl.org/thesaurus/cni00028035'],"Albin, Johann"
"['https://www.wikidata.org/wiki/Q94803841', 'https://data.cerl.org/thesaurus/cni00031233', 'https://viaf.org/viaf/99997352/']","Aubry, Johann"
"['https://data.cerl.org/thesaurus/cnp01324912', 'http://viaf.org/viaf/48428905', 'https://www.wikidata.org/wiki/Q6265613']","Pineda, Juan de"
[],Cyprianus Vermilius
"['https://www.wikidata.org/wiki/Q2870578', 'https://data.cerl.org/thesaurus/cnp01876315', 'https://viaf.org/viaf/59197715/']","Le Mire, Aubert"
"['https://www.wikidata.org/wiki/Q8409', 'https://data.cerl.org/thesaurus/cnp01259691', 'https://viaf.org/viaf/88742742/']",Alexander the Great
"['https://viaf.org/viaf/61555478/', 'https://data.cerl.org/thesaurus/cnp01162603', 'https://www.wikidata.org/wiki/Q3710095']","Bedwell, William"
"['https://data.cerl.org/thesaurus/cnp01875192', 'https://www.wikidata.org/wiki/Q10288430', 'http://viaf.org/viaf/230169']","Barreiros, Gaspar"
"['https://viaf.org/viaf/42764/', 'https://data.cerl.org/thesaurus/cnp00942507', 'https://www.wikidata.org/wiki/Q691402']",Philip IV
"['https://data.cerl.org/thesaurus/cnp01467090', 'https://www.wikidata.org/wiki/Q62051', 'https://viaf.org/viaf/261268368/']",Ernst
['https://www.wikidata.org/wiki/Q9458'],Muḥammad
"['https://viaf.org/viaf/89794074/', 'https://data.cerl.org/thesaurus/cnp00400095', 'https://www.wikidata.org/wiki/Q939889']","Mariana, Juan de"
[],Conradus Gaasch de Cachin
['https://data.bnf.fr/12554733/jacques-marie_d__amboise/'],"d'Amboise, Jacques-Marie"
['https://www.wikidata.org/wiki/Q47154'],Lucretius
[],Wurtz
"['https://data.cerl.org/thesaurus/cnp00970644', 'https://www.wikidata.org/wiki/Q85413835', 'https://viaf.org/viaf/17091868/']","Coccius, Jodocus"
"['https://data.cerl.org/thesaurus/cnp02294112', 'http://viaf.org/viaf/59109589', 'https://www.wikidata.org/wiki/Q44624']","Canisius, Peter"
"['https://data.cerl.org/thesaurus/cnp00388099', 'https://viaf.org/viaf/20444846/', 'https://www.wikidata.org/wiki/Q1047911']","Hofman, Caspar"
[],"Haunoldt, Nicolas"
[],Erpenius' wife
"['https://viaf.org/viaf/42769155/', 'https://www.wikidata.org/wiki/Q2537143', 'https://isni.org/isni/0000000108923326', 'https://data.cerl.org/thesaurus/cnp01875742']","Lernutius, Janus"
"['http://viaf.org/viaf/34525450', 'http://www.wikidata.org/entity/Q1329036', 'https://data.cerl.org/thesaurus/cnp01337623']","Ehinger, Elias"
"['https://data.cerl.org/thesaurus/cnp00979569', 'https://www.wikidata.org/wiki/Q140188', 'https://viaf.org/viaf/79398695/']",Aristarchus of Samo
[],"Vossius, Gisbertus"
"['https://www.wikidata.org/wiki/Q94880416', 'https://data.cerl.org/thesaurus/cnp01195986', 'https://viaf.org/viaf/32805500/']","Tengnagel, Sebastian"
[],"Pluenis, Fridericus"
"['https://viaf.org/viaf/4938768/', 'https://data.cerl.org/thesaurus/cnp01467023', 'https://www.wikidata.org/wiki/Q188634']",Matthias Corvinus
"['https://www.wikidata.org/wiki/Q348458', 'https://viaf.org/viaf/22520676/', 'https://data.cerl.org/thesaurus/cnp00260940']",Philip II
"['https://data.cerl.org/thesaurus/cnp00402339', 'https://isni.org/isni/0000000108890296', 'https://www.wikidata.org/wiki/Q462274', 'https://viaf.org/viaf/37733377/']","Mexía, Pedro"
"['https://viaf.org/viaf/233593810/', 'https://www.wikidata.org/wiki/Q26694200', 'https://data.cerl.org/thesaurus/cnp02237247']","Hierat, Anton"
['https://www.wikidata.org/wiki/Q113726'],Eberhard of Aquileia
"['https://viaf.org/viaf/18484553/', 'https://data.cerl.org/thesaurus/cnp00587447', 'https://www.wikidata.org/wiki/Q355327']",Safi of Safavi
[],Haberstock
[],Rozza
"['https://viaf.org/viaf/88905668/', 'https://www.wikidata.org/wiki/Q79972', 'https://data.cerl.org/thesaurus/cnp01302152']",James I
"['https://data.cerl.org/thesaurus/cnp01037532', 'https://viaf.org/viaf/942342/', 'https://www.wikidata.org/wiki/Q95329275']","Rath, Hieronymus Arnold"
"['https://edit16.iccu.sbn.it/resultset-autori/-/autori/detail/CNCA1183', 'https://www.wikidata.org/wiki/Q447318', 'https://data.cerl.org/thesaurus/cnp01876151', 'https://viaf.org/viaf/15074694/']","Ziegler, Jacob Ziegler"
"['https://data.cerl.org/thesaurus/cnp02231369', 'https://www.wikidata.org/wiki/Q11112844', 'http://viaf.org/viaf/80373890']","Herwart von Hohenburg, Johann Georg"
[],"Sutter, Peter"
[],"Strachan of the Mearns, Georges"
"['https://www.wikidata.org/wiki/Q3105742', 'https://viaf.org/viaf/49234015/', 'https://data.cerl.org/thesaurus/cnp01302798']","Génébrard, Gilbert"
"['http://viaf.org/viaf/7819042', 'https://data.cerl.org/thesaurus/cni00073155', 'https://www.wikidata.org/wiki/Q1782279']","Rittershausen, Konrad"
"['https://www.wikidata.org/wiki/Q464162', 'https://data.cerl.org/thesaurus/cnp01319702', 'https://viaf.org/viaf/37711457/', 'https://isni.oclc.org/xslt/DB=1.2/CMD?ACT=SRCH&IKT=8006&TRM=ISN%3A0000%200000%208117%201784']",Mathilde of Tuscany
['https://www.wikidata.org/wiki/Q31845'],Arrian of Nicomedia
[],Redzenberger
[],"De Roon, Petrus"
"['https://viaf.org/viaf/35247659/', 'https://www.univie.ac.at/Geschichte/wienerhof/wienerhof2/datenblaetter/breuner_sc1.htm', 'https://data.cerl.org/thesaurus/cnp00545085', 'https://www.wikidata.org/wiki/Q15449778']","Breuner, Seyfried Christoph von"
"['https://isni.oclc.org/xslt/DB=1.2/CMD?ACT=SRCH&IKT=8006&TRM=ISN%3A0000%200001%202140%201776', 'https://data.cerl.org/thesaurus/cnp01336064', 'https://www.wikidata.org/wiki/Q647633', 'https://viaf.org/viaf/76375795/']","Busbecq, Ogier Ghiselin de"
"['https://data.cerl.org/thesaurus/cnp02145032', 'https://www.wikidata.org/wiki/Q150599', 'http://viaf.org/viaf/291482450']",Ferdinand II
"['https://catalogue.bnf.fr/ark:/12148/cb157033803', 'https://viaf.org/viaf/71722709/', 'https://d-nb.info/gnd/1028002173']","Vignal, Pierre"
"['https://data.cerl.org/thesaurus/cnp00406135', 'https://viaf.org/viaf/49283224/', 'https://www.wikidata.org/wiki/Q463405']","Del Medigo, Elia"
['https://www.wikidata.org/wiki/Q180123'],Fatima
"['https://www.wikidata.org/wiki/Q604156', 'https://viaf.org/viaf/121942776/', 'https://data.cerl.org/thesaurus/cnp00973632']","Tostado, Alonso"
"['https://viaf.org/viaf/59117215/', 'https://www.wikidata.org/wiki/Q96252828']","Bie, Jacob de"
"['https://data.cerl.org/thesaurus/cnp00499748', 'https://viaf.org/viaf/50283515/', 'https://www.wikidata.org/wiki/Q3741964']",Frederick IV of Fürstenberg
"['https://www.wikidata.org/wiki/Q182046', 'https://viaf.org/viaf/29559625/', 'https://data.cerl.org/thesaurus/cnp01302039']","Alberti, Leon Battista"
[],P. Carl
"['https://data.cerl.org/thesaurus/cnp00994708', 'https://viaf.org/viaf/112670997/', 'https://www.wikidata.org/wiki/Q1291511']",Mesue
"['https://viaf.org/viaf/36995393/', 'https://data.cerl.org/thesaurus/cnp01339895', 'https://www.wikidata.org/wiki/Q64272']","Goclenius, Rudolph"
"['https://viaf.org/viaf/78778341/', 'https://data.cerl.org/thesaurus/cnp01365811', 'https://www.wikidata.org/wiki/Q161740']",Gregory X
[],"Amama, Sixstinus"
"['https://d-nb.info/gnd/119794217', 'https://data.cerl.org/thesaurus/cnp01109211', 'https://viaf.org/viaf/268071862/']",Urban Prebusinus
[],"Dubois, Jean"
['https://www.wikidata.org/wiki/Q2161'],Publius Cornelius Tacitus
[],"Lenz, Jacobus"
[],Elver
[],P. Stanislaus
['https://data.cerl.org/thesaurus/cni00027131'],Drouart
['https://www.wikidata.org/wiki/Q724746'],"Sansovino, Francesco"
"['https://d-nb.info/gnd/119560224', 'https://www.wikidata.org/wiki/Q703704', 'https://data.cerl.org/thesaurus/cnp00406769', 'https://viaf.org/viaf/17235538/']","Barros, João de"
"['https://viaf.org/viaf/7544019/', 'https://www.wikidata.org/wiki/Q4852646', 'https://data.cerl.org/thesaurus/cnp00472460']","Cordier, Balthasar"
[],M. Tobia
[],Stubeckhin
[],"Van den Hofen, Henricus"
"['https://viaf.org/viaf/72188987/', 'https://data.cerl.org/thesaurus/cnp00398999', 'https://www.wikidata.org/wiki/Q437295']",Leopold Wilhelm
['https://data.cerl.org/thesaurus/cnp02162699'],"Hagen, Johann Ludwig von"
"['https://www.wikidata.org/wiki/Q605328', 'https://data.cerl.org/thesaurus/cnp01271108', 'https://viaf.org/viaf/41850039/']","Salmasius, Claudius"
[],Lobkowicz
"['https://www.wikidata.org/wiki/Q6216160', 'https://data.cerl.org/thesaurus/cnp01225183', 'http://viaf.org/viaf/77154301']",Nicolaus Stupanus
"['https://viaf.org/viaf/74621369/', 'https://www.wikidata.org/wiki/Q107975', 'https://data.cerl.org/thesaurus/cnp01876227']","Monau, Jakob"
"['https://www.wikidata.org/wiki/Q3105122', 'https://www.treccani.it/enciclopedia/giovanni-battista-raimondi_%28Dizionario-Biografico%29/', 'https://data.cerl.org/thesaurus/cnp01320637']","Raimondi, Giovanni Battista"
[],Vir juvenis quidam Hebraice & Syriace apprime gnarus qui Arabica nunc discit
[],"Rinaldius, Philippus"
[],"Izwenhuysen, Lambrecht von"
"['https://www.wikidata.org/wiki/Q150611', 'https://viaf.org/viaf/51698517/', 'https://data.cerl.org/thesaurus/cnp01466896']",Ferdinand I
"['https://www.wikidata.org/wiki/Q982707', 'https://viaf.org/viaf/49375066/', 'https://data.cerl.org/thesaurus/cnp01365796']","Florio, John"
['https://www.wikidata.org/wiki/Q532684'],Salvianus Massiliensis
"['http://viaf.org/viaf/36936239', 'https://www.wikidata.org/wiki/Q119611', 'https://data.cerl.org/thesaurus/cnp01160336']","Goldast, Melchior"
[],P. Martinus
[],"Van Lo, Henricus"
[],"Dalrymple, James"
[],Stegerin
[],"Van Egmond, Nicolas"
"['https://data.cerl.org/thesaurus/cnp01329437', 'http://www.wikidata.org/entity/Q122059', 'http://viaf.org/viaf/21134221']",Gerhoch of Reichersberg
[],Lower-Austrian Government
"['http://viaf.org/viaf/267516275', 'https://data.cerl.org/thesaurus/cnp00970100', 'https://www.wikidata.org/wiki/Q221465']",Hydatius
"['https://data.cerl.org/thesaurus/cnp00579331', 'https://viaf.org/viaf/28760643/', 'https://www.wikidata.org/wiki/Q271835']",Maria Christina I
['https://data.cerl.org/thesaurus/cnp01877448'],"Sarmasághy, Zsigmond"
[],"Berasius, Anton"
"['https://www.wikidata.org/wiki/Q2467875', 'https://data.cerl.org/thesaurus/cnp01163599', 'https://viaf.org/viaf/64434759/']","Sionita, Gabriel"
[],Ebu Giapher
"['https://www.wikidata.org/wiki/Q91389', 'https://data.cerl.org/thesaurus/cnp01879500', 'https://viaf.org/viaf/103645951/', 'https://en.wikipedia.org/wiki/Mark_Welser']","Welser, Marcus"
[],"Willich, Paul"
['https://www.wikidata.org/wiki/Q6216297'],"Wild, Johann"
"['https://www.wikidata.org/wiki/Q55857482', 'https://www.idref.fr/134323807', 'https://viaf.org/viaf/62320175/', 'https://data.cerl.org/thesaurus/cnp01157273']","Van der Myle, Cornelis"
"['https://data.cerl.org/thesaurus/cnp01145455', 'https://viaf.org/viaf/70154678/', 'https://www.wikidata.org/wiki/Q1435322']","Coraduz, Rudolf"
[],"Faber, Christophorus"
['https://www.wikidata.org/wiki/Q174929'],Tertullian
[],Krebs
"['https://www.wikidata.org/wiki/Q816903', 'https://viaf.org/viaf/7399844/', 'https://data.cerl.org/thesaurus/cnp01320033']","Montano, Benito Arias"
[],"Huter, Jacobus de"
"['https://data.cerl.org/thesaurus/cni00050013', 'https://viaf.org/viaf/76339462/', 'https://www.wikidata.org/wiki/Q5503916']","Sylburg, Friedrich"
[],"Seid, Patrick"
"['https://www.wikidata.org/wiki/Q3085667', 'https://data.cerl.org/thesaurus/cni00040280', 'http://viaf.org/viaf/49438953']","Raphelengius, Franciscus"
[],Schilderi famulus
"['https://viaf.org/viaf/163701277/', 'https://www.wikidata.org/wiki/Q28816416', 'https://data.cerl.org/thesaurus/cnp00417195']","Woverius, Johannes"
['https://brill.com/view/journals/orie/39/1/article-p1_1.xml?language=en'],"Willems, Adriaen"
[],E. Mollaert
"['https://viaf.org/viaf/8204260/', 'https://portal.dnb.de/opac.htm?method=simpleSearch&query=idn%3D119747243&cqlMode=true', 'https://data.cerl.org/thesaurus/cnp01105046']","Louffius, Jordanus"
"['https://data.cerl.org/thesaurus/cnp00868830', 'https://viaf.org/processed/SKMASNL%7Cvtls011049333', 'https://www.wikidata.org/wiki/Q52940']",Sigismund III Vasa
"['https://viaf.org/viaf/239502727/', 'https://data.cerl.org/thesaurus/cnp01339324', 'https://www.wikidata.org/wiki/Q315149']",Giovanni da Pian del Carmine
"['https://viaf.org/viaf/62325026/', 'https://data.cerl.org/thesaurus/cnp02031529', 'https://www.wikidata.org/wiki/Q1692599']","Werdenberg, Johann Baptist von"
"['https://data.cerl.org/thesaurus/cnp01369275', 'https://viaf.org/viaf/34621373/', 'https://www.wikidata.org/wiki/Q5953290']","Mal-Lara, Juan de"
"['https://viaf.org/viaf/42635047/', 'https://www.wikidata.org/wiki/Q1279620', 'https://data.cerl.org/thesaurus/cnp00540038']",Eberhard II
"['https://data.cerl.org/thesaurus/cnp00296924', 'https://www.wikidata.org/wiki/Q311452', 'https://viaf.org/viaf/268175280/']",Albert VII
"['https://viaf.org/viaf/74782252/', 'https://www.wikidata.org/wiki/Q1695950', 'https://data.cerl.org/thesaurus/cnp00475968']",Johann Rasch
"['https://viaf.org/viaf/77109699/', 'https://www.wikidata.org/wiki/Q695234', 'https://data.cerl.org/thesaurus/cnp00397665']","Longueval, Charles Bonaventure de"
"['https://www.wikidata.org/wiki/Q1168867', 'https://viaf.org/viaf/27110486/', 'https://data.cerl.org/thesaurus/cnp00399484']","Sánchez, Tomás"
[],Merchamus
"['https://data.cerl.org/thesaurus/cnp01125726', 'https://www.wikidata.org/wiki/Q15456638', 'https://viaf.org/viaf/28255331/']","Barvitius, Johann Anton"
[],Signor Carnevali
"['https://data.cerl.org/thesaurus/cnp01108582', 'https://viaf.org/viaf/47168106/']","Bechler, Friedrich"
"['https://www.wikidata.org/wiki/Q60116', 'https://viaf.org/viaf/49226033/', 'https://data.cerl.org/thesaurus/cnp01317315']","Gessner, Conrad"
[],"Wolfart, Johannes"
[],"Steuartius, Petrus"
[],"Rozza, Philipp"
[],Arminius
[],Westervaldt
[],"Ostermayer, Gerardus"
[],Johann Rhode
"['https://data.cerl.org/thesaurus/cnp01233114', 'https://viaf.org/viaf/100185827/', 'https://www.wikidata.org/wiki/Q188883']",Clement of Alexandria
"['https://data.cerl.org/thesaurus/cnp01303513', 'https://www.wikidata.org/wiki/Q122291', 'https://viaf.org/viaf/23079338/']","Wurstisen, Christian"
"['https://viaf.org/viaf/67209280/', 'https://www.wikidata.org/wiki/Q55122778', 'https://data.cerl.org/thesaurus/cnp00385223']","Dinner, Andreas"
"['https://www.wikidata.org/wiki/Q805556', 'https://data.cerl.org/thesaurus/cnp02100789', 'https://viaf.org/viaf/296691322/']","De Zúñiga, Baltasar"
['https://data.cerl.org/thesaurus/cnp00559617'],Methodius
[],"Hermann, Friedrich"
[],"Schilling, Erasmus"
"['https://data.cerl.org/thesaurus/cnp00475812', 'https://www.wikidata.org/wiki/Q17125446', 'https://viaf.org/viaf/89329278/']","Remus Quietanus, Johannes"
"['https://data.cerl.org/thesaurus/cnp00113483', 'https://viaf.org/viaf/100906238/', 'https://www.wikidata.org/wiki/Q3173555']","Mocquet, Jean"
[],"Van Zill, Jacob"
[],"Van Wyningen, Jan (the Elder)"
[],Norton
[],"Rozza, Johann Baptist"
"['https://www.wikidata.org/wiki/Q352520', 'https://data.cerl.org/thesaurus/cnp01323632', 'http://viaf.org/viaf/2494235']","Sirmond, Jacques"
[],"Guertner, Georg"
"['https://data.cerl.org/thesaurus/cnp01175875', 'https://www.wikidata.org/wiki/Q5492403', 'https://viaf.org/viaf/81769245/']","Gansneb Tengnagel, Frans"
"['https://www.wikidata.org/wiki/Q1440822', 'https://viaf.org/viaf/12528641/', 'https://data.cerl.org/thesaurus/cnp01880288']","Bongars, Jacques"
"['https://viaf.org/viaf/77197375/', 'https://data.cerl.org/thesaurus/cni00075675', 'https://www.wikidata.org/wiki/Q55885489']","Schönwetter, Johann Gottfried"
['https://www.deutsche-digitale-bibliothek.de/item/IPCFMDWS6OMCLQBXOWWSUID66BCACCLJ'],"Weigenmaier, Georg"
"['https://www.wikidata.org/wiki/Q47595', 'https://viaf.org/viaf/66476694/', 'https://data.cerl.org/thesaurus/cnp00397331']",Alfonso X of Castile
['https://www.wikidata.org/wiki/Q182779'],Joachim Ernst
[],"Bruvaeus, Jacobus"
['https://www.wikidata.org/wiki/Q445560'],"Belon, Pierre"
[],Radzin
[],Ring
"['https://www.wikidata.org/wiki/Q496906', 'https://data.cerl.org/thesaurus/cnp01302721', 'https://viaf.org/processed/NSZL%7C000000001309']","Dudith, Andreas"
"['https://data.cerl.org/thesaurus/cnp00485274', 'https://viaf.org/viaf/88994375/']","Ebert, Theodor"
"['https://www.wikidata.org/wiki/Q67190', 'https://data.cerl.org/thesaurus/cnp01004792', 'https://viaf.org/viaf/10632263/']",Ernst II
['https://worldcat.org/identities/lccn-no2005038048/'],"Porss, Johann Jakob"
['https://viaf.org/viaf/166302380/'],"Cauler, Simon"
"['https://viaf.org/viaf/76326909/', 'https://www.wikidata.org/wiki/Q835355', 'https://data.cerl.org/thesaurus/cnp01877284']","Gentili, Scipione"
[],Gyorgy III
"['https://www.wikidata.org/wiki/Q12357022', 'https://data.cerl.org/thesaurus/cnp01414089', 'https://www.deutsche-biographie.de/pnd1016848706.html', 'https://viaf.org/viaf/244820665/']","Lónyay, Zsigmond I."
"['https://data.cerl.org/thesaurus/cnp00401008', 'https://www.wikidata.org/wiki/Q311495', 'https://viaf.org/viaf/56636061/']",Abulcasis
[],"Schlegel, Gregor"
['https://www.wikidata.org/wiki/Q2995629'],Mohammed ibn Adjurrum
[],Susanna Constantia
['https://www.wikidata.org/wiki/Q15434132'],"Fuhrmann, Georg Leopold"
"['https://www.wikidata.org/wiki/Q2440642', 'https://viaf.org/viaf/49083840/', 'https://data.cerl.org/thesaurus/cnp01015705']",Thomas de Jesus
"['https://data.cerl.org/thesaurus/cnp00906246', 'https://www.wikidata.org/wiki/Q171241', 'https://viaf.org/viaf/526144647682823556997/']",Diodorus Siculus
[],Mainoldo
[],"Geisenberg, Georg von"
"['https://data.cerl.org/thesaurus/cnp01338526', 'https://viaf.org/viaf/10605557/', 'https://www.wikidata.org/wiki/Q1368345']","Golius, Jacobus"
['https://nl.wikipedia.org/wiki/Jan_Theunisz'],"Antonides, Johannes"
[],"Groß, Henning"
[],Pighius
['https://www.wikidata.org/wiki/Q164062'],Maurice of Nassau
"['https://www.wikidata.org/wiki/Q65334', 'https://data.cerl.org/thesaurus/cnp01333595', 'https://viaf.org/viaf/9902179/']","Remy, Nicolas"
[],"Prigglmayer, Johann"
"['https://data.cerl.org/thesaurus/cnp00575184', 'https://viaf.org/viaf/17302763/', 'https://www.wikidata.org/wiki/Q203829']",Charles I
"['http://viaf.org/viaf/45116369', 'https://data.cerl.org/thesaurus/cnp01875875', 'http://www.wikidata.org/entity/Q3371176']","Estienne, Paul"
['https://www.wikidata.org/wiki/Q294923'],Athenaeus
['https://www.wikidata.org/wiki/Q170512'],Apuleius
"['https://viaf.org/viaf/61599137/', 'https://www.wikidata.org/wiki/Q64263', 'https://data.cerl.org/thesaurus/cnp01510938']","Gruter, Jan"
"['https://viaf.org/viaf/46797414/', 'https://www.wikidata.org/wiki/Q329298', 'https://data.cerl.org/thesaurus/cnp01327255']","Albertinus, Aegidius"
['https://www.wikidata.org/wiki/Q538065'],"Alpino, Prospero"
[],"Landtmannus, Christophorus"
[],"Franciotti, Nicolao"
['https://www.wikidata.org/wiki/Q54875103'],Yusuf Sayfa Pasha
"['https://www.wikidata.org/wiki/Q1695385', 'https://d-nb.info/gnd/118567535', 'https://data.cerl.org/thesaurus/cnp00395550', 'https://viaf.org/viaf/64799437/']","Kuefstein, Johann Ludwig von"
[],"Suffin, Honoré"
['https://www.wikidata.org/wiki/Q315871'],"Lipsius, Justus"
"['https://www.wikidata.org/wiki/Q315804', 'https://data.cerl.org/thesaurus/cnp00395718', 'https://viaf.org/viaf/12358154/']","Magnus, Olaus"
['https://www.wikidata.org/wiki/Q351518'],Simplicius of Cilicia
[],"Chifflet, Claude"
[],"Lang, Johannes"
[],Fürstenberg
[],"Nigroni, Francesco"
"['ttp://viaf.org/viaf/76348109', 'https://data.cerl.org/thesaurus/cnp01325691', 'https://www.wikidata.org/wiki/Q3089251']","Du Duc, Fronton"
['https://www.wikidata.org/wiki/Q1493994'],"Orta, Garcia de"
"['https://data.cerl.org/thesaurus/cnp01150243', 'https://viaf.org/viaf/315941437/', 'https://www.wikidata.org/wiki/Q1322262']","Fürstenberg, Wratislav von"
[],"Divinar, Philippus"
['https://www.wikidata.org/wiki/Q1334934'],"Streun von Schwarzenau, Reichard"
"['https://www.wikidata.org/wiki/Q154959', 'https://data.cerl.org/thesaurus/cnp01302116', 'https://viaf.org/viaf/32005141/']","Grotius, Hugo"
[],"Fux, Georgius"
['https://www.wikidata.org/wiki/Q43423'],Aesop
"['https://data.cerl.org/thesaurus/cnp01876248', 'https://viaf.org/viaf/27119039/', 'https://www.wikidata.org/wiki/Q55125048']","Kinckius, Johannes"
[],Catharina
[],"Szilágyi, János"
"['https://www.wikidata.org/wiki/Q5608811', 'https://viaf.org/viaf/9427291/']",Griffin Markham
[],Paul Joseph bar Zadok
"['https://viaf.org/viaf/8261528/', 'https://www.wikidata.org/wiki/Q3934447', 'https://data.cerl.org/thesaurus/cnp00449707']","Brinck, Ernst"
"['https://www.wikidata.org/wiki/Q76732', 'https://viaf.org/viaf/64800026/', 'https://data.cerl.org/thesaurus/cnp00918436']","Schall von Bell, Johann Adam"
"['https://viaf.org/viaf/44299175/', 'https://www.wikidata.org/wiki/Q8778', 'https://data.cerl.org/thesaurus/cnp01235003']",Galen
"['https://data.cerl.org/thesaurus/cnp00388389', 'https://viaf.org/viaf/39331373/', 'https://www.wikidata.org/wiki/Q1505398']","Georg Michael, Lingelsheim"
"['https://www.wikidata.org/wiki/Q227694', 'https://data.cerl.org/thesaurus/cnp01466621', 'https://viaf.org/viaf/25394064/']",Gregory XII
[],Clessalius
"['https://data.cerl.org/thesaurus/cnp01382206?lang=nl', 'https://isni.org/isni/000000010929551X', 'https://viaf.org/viaf/102332017/', 'https://www.wikidata.org/wiki/Q29862891']","Zini, Pietro Francesco"
[],"Freigius, Johannes Nicolaus"
[],De Roon
"['https://data.cerl.org/thesaurus/cnp00398645', 'https://viaf.org/viaf/8182275/', 'https://www.wikidata.org/wiki/Q302942']",John Frederick
"['https://www.deutsche-digitale-bibliothek.de/person/gnd/100993885', 'https://viaf.org/viaf/105133145/', 'https://data.cerl.org/thesaurus/cnp00398177', 'https://www.wikidata.org/wiki/Q160460']",al-Farabi
"['https://www.wikidata.org/wiki/Q10324035', 'https://data.cerl.org/thesaurus/cnp00166494', 'https://viaf.org/viaf/121882476/']",Manuel Kalekas
"['https://data.cerl.org/thesaurus/cnp00981036', 'https://www.wikidata.org/wiki/Q83653']",Jahangir
"['https://viaf.org/viaf/19830546/', 'https://www.wikidata.org/wiki/Q57466', 'https://data.cerl.org/thesaurus/cnp01365535']","Scheiner, Christoph"
[],"Pöder, Wilhelm"
['https://d-nb.info/gnd/101045476'],"Mager von Schönberg, Martin"
"['https://data.cerl.org/thesaurus/cnp01324199', 'https://www.wikidata.org/wiki/Q2372712', 'http://viaf.org/viaf/76341538']","Coton, Pierre"
"['https://www.wikidata.org/wiki/Q1949236', 'https://viaf.org/viaf/40276312/']",Moses of Mardin
[],"Luca a Sancto Petro, Johannes"
[],Müller
"['http://viaf.org/viaf/77391', 'https://data.cerl.org/thesaurus/cni00050056', 'https://www.wikidata.org/wiki/Q892143']","Vulcanius, Bonaventura"
[],"Four, Jacobus"
"['https://viaf.org/viaf/32154389/', 'https://data.cerl.org/thesaurus/cnp00401263', 'https://www.wikidata.org/wiki/Q318820']",Benjamin of Tudela
"['https://viaf.org/viaf/27055763/', 'https://www.wikidata.org/wiki/Q17166928', 'https://data.cerl.org/thesaurus/cnp00385413']","Pignoria, Lorenzo"
[],Eberstein
[],"Ostermayr, Gerhard"
"['https://viaf.org/viaf/22171968/', 'https://data.cerl.org/thesaurus/cnp00391268', 'https://www.wikidata.org/wiki/Q2712134']","Bertius, Petrus"
[],"Cornelius, Curtius"
"['https://data.cerl.org/thesaurus/cni00038814', 'https://www.wikidata.org/wiki/Q1479401', 'https://viaf.org/viaf/100202711/']","Morel, Fédéric"
"['https://viaf.org/viaf/122217220/', 'https://www.wikidata.org/wiki/Q1343514', 'https://data.cerl.org/thesaurus/cnp01154874']","Delrio, Martin Anton"
"['https://viaf.org/viaf/66459039/', 'https://www.wikidata.org/wiki/Q3787391', 'https://www.idref.fr/122872967', 'https://data.cerl.org/thesaurus/cnp01313262']","Van Giffen, Hubert"
"['https://www.wikidata.org/wiki/Q81916153', 'https://data.cerl.org/thesaurus/cnp01009863', 'https://viaf.org/viaf/34889786/']","Otto, Julius Konrad"
"['https://data.cerl.org/thesaurus/cnp01466970', 'https://viaf.org/viaf/95147534/', 'https://www.wikidata.org/wiki/Q160441']",Hrabanus Maurus
['https://www.bbkl.de/index.php/frontend/lexicon/V/Vi/villerius-bartholomaeus-72624'],"Villerius, Bartholomäus"
"['https://viaf.org/viaf/20613/', 'https://www.wikidata.org/wiki/Q549523', 'https://data.cerl.org/thesaurus/cnp01320468', 'https://opac.vatlib.it/auth/detail/495_910']","Guevara Noroña, Antonio"
[],"Quinget, Caspar"
[],Panisotus Simoni
"['https://viaf.org/viaf/56145857800523020145/', 'https://www.wikidata.org/wiki/Q688647', 'https://data.cerl.org/thesaurus/cnp01326206']","Cuspinian, Johannes"
"['https://data.cerl.org/thesaurus/cnp01238749', 'https://viaf.org/viaf/108225831/', 'https://www.wikidata.org/wiki/Q82778']",Pliny the Elder
[],"Hofferichter, Helena"
"['https://data.cerl.org/thesaurus/cnp01149092', 'http://viaf.org/viaf/80433805', 'https://www.wikidata.org/wiki/Q94786571', 'https://de.wikipedia.org/wiki/Johann_Lieb']","Lieb, Johann"
[],"Günter, Martin II"
[],Solnerus
"['https://d-nb.info/gnd/120617544', 'https://viaf.org/viaf/79189275/', 'https://data.cerl.org/thesaurus/cnp00418862', 'https://www.wikidata.org/wiki/Q4585036']",Ahmed Bican Yazıcıoğlu
"['http://viaf.org/viaf/47660686', 'https://data.cerl.org/thesaurus/cnp01018175']","Panthera, Marcus Antonius"
[],"Lorefice, Vincenzo"
[],"Schmaudius, Johannes"
[],"Papazzoni, Giovanni Bonaventura"
['https://www.wikidata.org/wiki/Q456649'],Maximus of Tyre
[],"Pleunis, Fredericus"
[],"Heinius, Henricus"
"['https://data.cerl.org/thesaurus/cnp00396681', 'https://viaf.org/viaf/22277871/', 'https://www.wikidata.org/wiki/Q313504']",Theophylact Simocatta
['https://www.wikidata.org/wiki/Q131169'],Polybius
"['https://data.cerl.org/thesaurus/cnp01157222', 'https://www.wikidata.org/wiki/Q3127978', 'https://viaf.org/viaf/80999506/']","Liechtenstein, Hartmann von"
[],N. Schadijck van Amersfoort
['https://data.cerl.org/thesaurus/cnp00478577'],"Schallenberg, Christoph von"
[],P. Caietanus
[],Von Ense
"['https://viaf.org/viaf/50151776733818010028/', 'https://www.wikidata.org/wiki/Q161853', 'https://data.cerl.org/thesaurus/cnp01235919']",Hero of Alexandria
"['https://www.wikidata.org/wiki/Q503126', 'https://data.cerl.org/thesaurus/cnp00550750', 'https://viaf.org/viaf/78779996/']","Holinshed, Raphael"
"['https://viaf.org/viaf/25661719/', 'https://data.cerl.org/thesaurus/cnp00993375', 'https://www.wikidata.org/wiki/Q15438269']","Cellarius, Johann"
[],Wife of Tanner
"['https://www.wikidata.org/wiki/Q6185660', 'https://data.cerl.org/thesaurus/cnp01303370', 'https://viaf.org/viaf/71374573/']","Osóno, Jerónimo"
"['http://viaf.org/viaf/241904416', 'https://www.deutsche-biographie.de/pnd101661912X.html', 'https://data.cerl.org/thesaurus/cnp01413677']","Küttner von Künitz, Johann"
"['https://data.cerl.org/thesaurus/cnp01302092', 'https://viaf.org/viaf/14773105/', 'https://www.wikidata.org/wiki/Q9554']","Luther, Martin"
['https://www.wikidata.org/wiki/Q321492'],John Maurice
[],Questenberg
[],"Boots, Johannes"
"['https://data.cerl.org/thesaurus/cnp01322079', 'https://www.wikidata.org/wiki/Q160445']",Boniface
[],Erzelius
[],"Maderus, Johannes Melchior"
[],İbrāhīm Dervīş
"['https://viaf.org/viaf/71534431/', 'https://data.cerl.org/thesaurus/cnp00397073', 'https://www.wikidata.org/wiki/Q43974']",Louis the Pious
